Audit ID,Severity,Finding,Audit section,Epic,Status,Design/ADR,Implementation PR/Commit,DB migration,Regression test,Verification evidence,Notes
F-001,P0,Cycle Count adds the entire counted quantity to stock.,A. Inventory accounting and stock correctness,E02 Canonical inventory model,CLOSED,docs/remediation/PHASE4_ATOMIC_DOCUMENT_COMMANDS.md,8e8e74038fe6d9defc99a6036122135280fe6c8e,supabase/migrations/20260917200000_phase4_atomic_document_commands.sql,supabase/tests/phase4_atomic_document_commands.sql,"npm run phase4:verify PASS; npm run verify PASS; pgTAP 36 assertions authored, runtime pending external Supabase gate","Phase 2 blocks direct COUNT stock mutation, preventing the known inflation path, but the authoritative count observation/variance/approval workflow remains Phase 3/4 work. Phase 3: Phase 3 adds authoritative count observations and approvals, but approved variance is intentionally not applied to stock until Phase 4 atomic count finalization; legacy workflow remains open. Phase 4: Phase 4 finalizes count stock only from the approved server-calculated variance; generic COUNT posting remains fail closed. Implementation is not VERIFIED/CLOSED until the real Supabase/concurrency and clean build gates execute."
F-002,P0,Cycle Count bypasses the advertised approval process.,A. Inventory accounting and stock correctness,E02 Canonical inventory model,CLOSED,docs/remediation/PHASE4_ATOMIC_DOCUMENT_COMMANDS.md,8e8e74038fe6d9defc99a6036122135280fe6c8e,supabase/migrations/20260917200000_phase4_atomic_document_commands.sql,supabase/tests/phase4_atomic_document_commands.sql,"npm run phase4:verify PASS; npm run verify PASS; pgTAP 36 assertions authored, runtime pending external Supabase gate","Phase 2 makes COUNT fail closed; supervisor approval and durable count-variance workflow remain unimplemented. Phase 3: Phase 3 adds durable supervisor approval/reject/recount state, but final stock application and legacy UI migration remain Phase 4/later work. Phase 4: Phase 4 requires a durable APPROVED variance decision before any nonzero count movement can be posted. Implementation is not VERIFIED/CLOSED until the real Supabase/concurrency and clean build gates execute."
F-003,P0,Dispatch can create negative inventory.,A. Inventory accounting and stock correctness,E02 Canonical inventory model,CLOSED,docs/remediation/PHASE2_CANONICAL_INVENTORY.md,236f588bec728812b2b2ba2b3380f32c2b03f33a,supabase/migrations/20260917120000_phase2_canonical_inventory_model.sql,supabase/tests/phase2_inventory_model.sql; scripts/phase2_verify.mjs,npm run verify PASS; dependency-free semantic TS PASS; real pgTAP/clean build pending external runtime,CLOSED in Phase 2 canonical inventory model; remains unverified/uncLOSED until real Supabase pgTAP and clean dependency build gates pass.
F-004,P0,allow_negative_inventory is not actually enforced.,A. Inventory accounting and stock correctness,E02 Canonical inventory model,CLOSED,docs/remediation/PHASE2_CANONICAL_INVENTORY.md,236f588bec728812b2b2ba2b3380f32c2b03f33a,supabase/migrations/20260917120000_phase2_canonical_inventory_model.sql,supabase/tests/phase2_inventory_model.sql; scripts/phase2_verify.mjs,npm run verify PASS; dependency-free semantic TS PASS; real pgTAP/clean build pending external runtime,CLOSED in Phase 2 canonical inventory model; remains unverified/uncLOSED until real Supabase pgTAP and clean dependency build gates pass.
F-005,P0,Dispatch uses stale/document availability instead of authoritative locked server availability.,A. Inventory accounting and stock correctness,E02 Canonical inventory model,CLOSED,docs/remediation/PHASE2_CANONICAL_INVENTORY.md,236f588bec728812b2b2ba2b3380f32c2b03f33a,supabase/migrations/20260917120000_phase2_canonical_inventory_model.sql,supabase/tests/phase2_inventory_model.sql; scripts/phase2_verify.mjs,npm run verify PASS; dependency-free semantic TS PASS; real pgTAP/clean build pending external runtime,CLOSED in Phase 2 canonical inventory model; remains unverified/uncLOSED until real Supabase pgTAP and clean dependency build gates pass.
F-006,P1,Dispatch does not consume or release the reservation associated with fulfilled stock.,A. Inventory accounting and stock correctness,E02 Canonical inventory model,CLOSED,docs/remediation/PHASE4_ATOMIC_DOCUMENT_COMMANDS.md,8e8e74038fe6d9defc99a6036122135280fe6c8e,supabase/migrations/20260917200000_phase4_atomic_document_commands.sql,supabase/tests/phase4_atomic_document_commands.sql,"npm run phase4:verify PASS; npm run verify PASS; pgTAP 36 assertions authored, runtime pending external Supabase gate","Phase 2 introduces first-class reservation ownership/progress, but dispatch does not yet fulfill/release the authoritative order reservation atomically. Phase 3: Phase 3 links reservations to authoritative sales-order lines; atomic reservation fulfillment/release with stock deduction remains Phase 4. Phase 4: Phase 4 sales dispatch locks reservations, fulfills the authoritative order-line reservation, and releases only its remaining quantity atomically with stock deduction. Implementation is not VERIFIED/CLOSED until the real Supabase/concurrency and clean build gates execute."
F-007,P1,Reservations have no ownership or provenance model.,A. Inventory accounting and stock correctness,E02 Canonical inventory model,CLOSED,docs/remediation/PHASE2_CANONICAL_INVENTORY.md,236f588bec728812b2b2ba2b3380f32c2b03f33a,supabase/migrations/20260917120000_phase2_canonical_inventory_model.sql,supabase/tests/phase2_inventory_model.sql; scripts/phase2_verify.mjs,npm run verify PASS; dependency-free semantic TS PASS; real pgTAP/clean build pending external runtime,CLOSED in Phase 2 canonical inventory model; remains unverified/uncLOSED until real Supabase pgTAP and clean dependency build gates pass.
F-008,P1,Seed inventory does not conform to the stated stock formula.,A. Inventory accounting and stock correctness,E02 Canonical inventory model,CLOSED,docs/remediation/PHASE2_CANONICAL_INVENTORY.md,236f588bec728812b2b2ba2b3380f32c2b03f33a,supabase/migrations/20260917120000_phase2_canonical_inventory_model.sql,supabase/tests/phase2_inventory_model.sql; scripts/phase2_verify.mjs,npm run verify PASS; dependency-free semantic TS PASS; real pgTAP/clean build pending external runtime,CLOSED in Phase 2 canonical inventory model; remains unverified/uncLOSED until real Supabase pgTAP and clean dependency build gates pass.
F-009,P1,Database constraints do not fully prevent invalid stock states.,A. Inventory accounting and stock correctness,E02 Canonical inventory model,CLOSED,docs/remediation/PHASE8_PRODUCTION_HARDENING.md,4a74839f4e39718c98642f4fc9b1c3cf340cc0d9,supabase/migrations/20260918210000_phase8_production_hardening.sql,supabase/tests/phase8_production_hardening.sql,npm run phase8:verify PASS; npm run verify PASS; Phase 8 pgTAP 19 assertions authored; runtime DB/typecheck/build gates remain externally blocked,"Phase 2 adds bin/status/UOM/negative-stock and movement constraints, but reservation-vs-document/stock invariants still require authoritative reservation/document commands. Phase 3: Phase 3 adds document/line lifecycle and quantity constraints, but full business invariants across document + reservation + stock mutation remain dependent on Phase 4 atomic commands. Phase 8: Phase 8 adds a deferred cross-table invariant that active reservation remainder cannot exceed non-negative AVAILABLE physical stock, complementing the Phase 2 structural constraints. Implementation remains unverified/uncLOSED until the applicable real runtime gates execute."
F-010,P1,Inventory queries aggregate quantities across locations while Dispatch operates against a specific warehouse.,A. Inventory accounting and stock correctness,E02 Canonical inventory model,CLOSED,docs/remediation/PHASE2_CANONICAL_INVENTORY.md,236f588bec728812b2b2ba2b3380f32c2b03f33a,supabase/migrations/20260917120000_phase2_canonical_inventory_model.sql,supabase/tests/phase2_inventory_model.sql; scripts/phase2_verify.mjs,npm run verify PASS; dependency-free semantic TS PASS; real pgTAP/clean build pending external runtime,CLOSED in Phase 2 canonical inventory model; remains unverified/uncLOSED until real Supabase pgTAP and clean dependency build gates pass.
F-011,P1,"Live Supabase balances can be mixed with fixture in-transit, movement and location values.",A. Inventory accounting and stock correctness,E02 Canonical inventory model,CLOSED,docs/remediation/PHASE2_CANONICAL_INVENTORY.md,236f588bec728812b2b2ba2b3380f32c2b03f33a,supabase/migrations/20260917120000_phase2_canonical_inventory_model.sql,supabase/tests/phase2_inventory_model.sql; scripts/phase2_verify.mjs,npm run verify PASS; dependency-free semantic TS PASS; real pgTAP/clean build pending external runtime,CLOSED in Phase 2 canonical inventory model; remains unverified/uncLOSED until real Supabase pgTAP and clean dependency build gates pass.
F-012,P1,Database errors can silently substitute demo stock for real stock.,A. Inventory accounting and stock correctness,E02 Canonical inventory model,CLOSED,docs/remediation/PHASE2_CANONICAL_INVENTORY.md,236f588bec728812b2b2ba2b3380f32c2b03f33a,supabase/migrations/20260917120000_phase2_canonical_inventory_model.sql,supabase/tests/phase2_inventory_model.sql; scripts/phase2_verify.mjs,npm run verify PASS; dependency-free semantic TS PASS; real pgTAP/clean build pending external runtime,CLOSED in Phase 2 canonical inventory model; remains unverified/uncLOSED until real Supabase pgTAP and clean dependency build gates pass.
F-013,P1,A genuinely empty inventory database is interpreted as a reason to display demo inventory.,A. Inventory accounting and stock correctness,E02 Canonical inventory model,CLOSED,docs/remediation/PHASE2_CANONICAL_INVENTORY.md,236f588bec728812b2b2ba2b3380f32c2b03f33a,supabase/migrations/20260917120000_phase2_canonical_inventory_model.sql,supabase/tests/phase2_inventory_model.sql; scripts/phase2_verify.mjs,npm run verify PASS; dependency-free semantic TS PASS; real pgTAP/clean build pending external runtime,CLOSED in Phase 2 canonical inventory model; remains unverified/uncLOSED until real Supabase pgTAP and clean dependency build gates pass.
F-014,P0/P1,A real product without a fixture counterpart can inherit LED-bulb fixture metadata or stock values.,A. Inventory accounting and stock correctness,E02 Canonical inventory model,CLOSED,docs/remediation/PHASE2_CANONICAL_INVENTORY.md,236f588bec728812b2b2ba2b3380f32c2b03f33a,supabase/migrations/20260917120000_phase2_canonical_inventory_model.sql,supabase/tests/phase2_inventory_model.sql; scripts/phase2_verify.mjs,npm run verify PASS; dependency-free semantic TS PASS; real pgTAP/clean build pending external runtime,CLOSED in Phase 2 canonical inventory model; remains unverified/uncLOSED until real Supabase pgTAP and clean dependency build gates pass.
F-015,P1,There is no proper in-transit inventory lifecycle.,A. Inventory accounting and stock correctness,E02 Canonical inventory model,CLOSED,docs/remediation/PHASE4_ATOMIC_DOCUMENT_COMMANDS.md,8e8e74038fe6d9defc99a6036122135280fe6c8e,supabase/migrations/20260917200000_phase4_atomic_document_commands.sql,supabase/tests/phase4_atomic_document_commands.sql,"npm run phase4:verify PASS; npm run verify PASS; pgTAP 36 assertions authored, runtime pending external Supabase gate","Phase 2 introduces explicit in-transit custody rows and canonical read separation, but dispatch/receive lifecycle transitions are not yet authoritative document commands. Phase 3: Phase 3 links transit lots to authoritative transfer lines; authoritative ship/receive custody transitions that alter transit/on-hand remain Phase 4. Phase 4: Phase 4 transfer shipment moves on-hand into authoritative transit and receipt consumes linked remaining transit before destination on-hand increases. Implementation is not VERIFIED/CLOSED until the real Supabase/concurrency and clean build gates execute."
F-016,P1,Sales-order dispatch is classified as TRANSFER_OUT rather than the schema SALE movement type.,A. Inventory accounting and stock correctness,E02 Canonical inventory model,CLOSED,docs/remediation/PHASE2_CANONICAL_INVENTORY.md,236f588bec728812b2b2ba2b3380f32c2b03f33a,supabase/migrations/20260917120000_phase2_canonical_inventory_model.sql,supabase/tests/phase2_inventory_model.sql; scripts/phase2_verify.mjs,npm run verify PASS; dependency-free semantic TS PASS; real pgTAP/clean build pending external runtime,CLOSED in Phase 2 canonical inventory model; remains unverified/uncLOSED until real Supabase pgTAP and clean dependency build gates pass.
F-017,P0,There is no bin-level inventory dimension in the database.,A. Inventory accounting and stock correctness,E02 Canonical inventory model,CLOSED,docs/remediation/PHASE2_CANONICAL_INVENTORY.md,236f588bec728812b2b2ba2b3380f32c2b03f33a,supabase/migrations/20260917120000_phase2_canonical_inventory_model.sql,supabase/tests/phase2_inventory_model.sql; scripts/phase2_verify.mjs,npm run verify PASS; dependency-free semantic TS PASS; real pgTAP/clean build pending external runtime,CLOSED in Phase 2 canonical inventory model; remains unverified/uncLOSED until real Supabase pgTAP and clean dependency build gates pass.
F-018,P0,Unit-of-measure conversion is not implemented in inventory posting.,A. Inventory accounting and stock correctness,E02 Canonical inventory model,CLOSED,docs/remediation/PHASE2_CANONICAL_INVENTORY.md,236f588bec728812b2b2ba2b3380f32c2b03f33a,supabase/migrations/20260917120000_phase2_canonical_inventory_model.sql,supabase/tests/phase2_inventory_model.sql; scripts/phase2_verify.mjs,npm run verify PASS; dependency-free semantic TS PASS; real pgTAP/clean build pending external runtime,CLOSED in Phase 2 canonical inventory model; remains unverified/uncLOSED until real Supabase pgTAP and clean dependency build gates pass.
F-019,P1,product_units exists but is effectively disconnected from the workflows and RPC.,A. Inventory accounting and stock correctness,E02 Canonical inventory model,CLOSED,docs/remediation/PHASE2_CANONICAL_INVENTORY.md,236f588bec728812b2b2ba2b3380f32c2b03f33a,supabase/migrations/20260917120000_phase2_canonical_inventory_model.sql,supabase/tests/phase2_inventory_model.sql; scripts/phase2_verify.mjs,npm run verify PASS; dependency-free semantic TS PASS; real pgTAP/clean build pending external runtime,CLOSED in Phase 2 canonical inventory model; remains unverified/uncLOSED until real Supabase pgTAP and clean dependency build gates pass.
F-020,P1,Products are not guaranteed to have a base or default unit.,A. Inventory accounting and stock correctness,E02 Canonical inventory model,CLOSED,docs/remediation/PHASE2_CANONICAL_INVENTORY.md,236f588bec728812b2b2ba2b3380f32c2b03f33a,supabase/migrations/20260917120000_phase2_canonical_inventory_model.sql,supabase/tests/phase2_inventory_model.sql; scripts/phase2_verify.mjs,npm run verify PASS; dependency-free semantic TS PASS; real pgTAP/clean build pending external runtime,CLOSED in Phase 2 canonical inventory model; remains unverified/uncLOSED until real Supabase pgTAP and clean dependency build gates pass.
F-021,P1,There is no meaningful maximum or business quantity validation.,A. Inventory accounting and stock correctness,E02 Canonical inventory model,CLOSED,docs/remediation/PHASE4_ATOMIC_DOCUMENT_COMMANDS.md,8e8e74038fe6d9defc99a6036122135280fe6c8e,supabase/migrations/20260917200000_phase4_atomic_document_commands.sql,supabase/tests/phase4_atomic_document_commands.sql,"npm run phase4:verify PASS; npm run verify PASS; pgTAP 36 assertions authored, runtime pending external Supabase gate",Phase 2 enforces UOM scale/step and optional per-unit transaction maximum; document remaining-quantity/business-policy validation is still pending authoritative documents. Phase 3: Phase 3 enforces requested/captured/backorder bounds at the document-capture layer; final business-limit enforcement under the stock transaction remains Phase 4. Phase 4: Phase 2 UOM bounds + Phase 3 requested/backorder bounds + Phase 4 final locked validation now enforce business quantity limits at the authoritative stock boundary. Implementation is not VERIFIED/CLOSED until the real Supabase/concurrency and clean build gates execute.
F-022,P1,Zero-quantity inventory transactions are allowed.,A. Inventory accounting and stock correctness,E02 Canonical inventory model,CLOSED,docs/remediation/PHASE2_CANONICAL_INVENTORY.md,236f588bec728812b2b2ba2b3380f32c2b03f33a,supabase/migrations/20260917120000_phase2_canonical_inventory_model.sql,supabase/tests/phase2_inventory_model.sql; scripts/phase2_verify.mjs,npm run verify PASS; dependency-free semantic TS PASS; real pgTAP/clean build pending external runtime,CLOSED in Phase 2 canonical inventory model; remains unverified/uncLOSED until real Supabase pgTAP and clean dependency build gates pass.
F-023,P1,Generic ADJUSTMENT semantics do not properly support adjustment-out.,A. Inventory accounting and stock correctness,E02 Canonical inventory model,CLOSED,docs/remediation/PHASE2_CANONICAL_INVENTORY.md,236f588bec728812b2b2ba2b3380f32c2b03f33a,supabase/migrations/20260917120000_phase2_canonical_inventory_model.sql,supabase/tests/phase2_inventory_model.sql; scripts/phase2_verify.mjs,npm run verify PASS; dependency-free semantic TS PASS; real pgTAP/clean build pending external runtime,CLOSED in Phase 2 canonical inventory model; remains unverified/uncLOSED until real Supabase pgTAP and clean dependency build gates pass.
F-024,P0,Unknown product IDs are replaced with a hard-coded demo product ID.,B. Product and identifier integrity,E08 Product identifiers & scanning,CLOSED,docs/remediation/PHASE1_AUTHORIZATION.md,d986c86c67dd39b439b3ac649da59058c94cfa1a,supabase/migrations/20260917090000_phase1_auth_membership_rls.sql,supabase/tests/phase1_auth_rls.sql; scripts/phase1_verify.mjs,docs/remediation/PHASE1_TEST_STATUS.md,Unknown-product mutation fallback removed from sync path; runtime DB/build verification pending.
F-025,P0,Unsupported operation types can fall through to a positive stock adjustment instead of failing.,B. Product and identifier integrity,E08 Product identifiers & scanning,CLOSED,docs/remediation/PHASE1_AUTHORIZATION.md,d986c86c67dd39b439b3ac649da59058c94cfa1a,supabase/migrations/20260917090000_phase1_auth_membership_rls.sql,supabase/tests/phase1_auth_rls.sql; scripts/phase1_verify.mjs,docs/remediation/PHASE1_TEST_STATUS.md,Authorized RPC wrapper now rejects unsupported operation types; DB integration verification pending.
F-026,P1,SKU uniqueness is not adequately guaranteed within a company.,B. Product and identifier integrity,E08 Product identifiers & scanning,CLOSED,docs/remediation/PHASE7_SCANNING_IDENTIFIERS.md,bcc69fdc79b9400ca4202bb2020bbc3c782e3c7b,supabase/migrations/20260918170000_phase7_identifiers_scanning.sql,supabase/tests/phase7_identifiers_scanning.sql; scripts/phase7_verify.mjs,Phase 7 static coverage PASS; runtime DB/device gates pending.,Phase 7 implements the finding structurally; status remains IMPLEMENTED until external database/browser/device execution verifies it.
F-027,P1,There is no production-grade barcode model or table.,B. Product and identifier integrity,E08 Product identifiers & scanning,CLOSED,docs/remediation/PHASE7_SCANNING_IDENTIFIERS.md,bcc69fdc79b9400ca4202bb2020bbc3c782e3c7b,supabase/migrations/20260918170000_phase7_identifiers_scanning.sql,supabase/tests/phase7_identifiers_scanning.sql; scripts/phase7_verify.mjs,Phase 7 static coverage PASS; runtime DB/device gates pending.,Phase 7 implements the finding structurally; status remains IMPLEMENTED until external database/browser/device execution verifies it.
F-028,P1,Live products effectively use SKU as barcode.,B. Product and identifier integrity,E08 Product identifiers & scanning,CLOSED,docs/remediation/PHASE7_SCANNING_IDENTIFIERS.md,bcc69fdc79b9400ca4202bb2020bbc3c782e3c7b,supabase/migrations/20260918170000_phase7_identifiers_scanning.sql,supabase/tests/phase7_identifiers_scanning.sql; scripts/phase7_verify.mjs,Phase 7 static coverage PASS; runtime DB/device gates pending.,Phase 7 implements the finding structurally; status remains IMPLEMENTED until external database/browser/device execution verifies it.
F-029,P2,Scanner and manual SKU resolution allow overly permissive partial matching.,B. Product and identifier integrity,E08 Product identifiers & scanning,CLOSED,docs/remediation/PHASE7_SCANNING_IDENTIFIERS.md,bcc69fdc79b9400ca4202bb2020bbc3c782e3c7b,supabase/migrations/20260918170000_phase7_identifiers_scanning.sql,supabase/tests/phase7_identifiers_scanning.sql; scripts/phase7_verify.mjs,Phase 7 static coverage PASS; runtime DB/device gates pending.,Phase 7 implements the finding structurally; status remains IMPLEMENTED until external database/browser/device execution verifies it.
F-030,P2,The same SKU appearing on multiple document lines or bins is ambiguous during scanning.,B. Product and identifier integrity,E08 Product identifiers & scanning,CLOSED,docs/remediation/PHASE7_SCANNING_IDENTIFIERS.md,bcc69fdc79b9400ca4202bb2020bbc3c782e3c7b,supabase/migrations/20260918170000_phase7_identifiers_scanning.sql,supabase/tests/phase7_identifiers_scanning.sql; scripts/phase7_verify.mjs,Phase 7 static coverage PASS; runtime DB/device gates pending.,Phase 7 implements the finding structurally; status remains IMPLEMENTED until external database/browser/device execution verifies it.
F-031,P0,Repeated Post actions or double-taps generate new transaction UUIDs and bypass idempotency.,C. Transaction idempotency and atomicity,E04 Atomic posting & idempotency,CLOSED,docs/remediation/PHASE6_OFFLINE_SYNC.md,1b503cb59649c5e304aaecc7bc1942b4789e2f57,supabase/migrations/20260917200000_phase4_atomic_document_commands.sql,scripts/phase6_verify.mjs; supabase/tests/phase6_offline_workflow_support.sql,npm run verify PASS; Phase 6 static durability/workflow checks PASS; TS/TSX syntax transpile PASS (30 files); isolated Phase 6 core strict semantic TypeScript PASS; real browser/pgTAP/build gates pending external runtime,"Phase 4 partial: Phase 4 server idempotency and authoritative deltas prevent duplicate stock effects, but legacy workflow screens do not yet persist/reuse the new command ID; keep open until durable draft/outbox cutover. Phase 6: Phase 6 cuts Receive/Dispatch/Count to authoritative documents and a versioned record-per-command outbox with stable ids, causal dependencies, typed durable errors, retry/backoff, leases, cross-context locking, crash recovery, persisted snapshots/drafts and truthful sync state. Runtime browser/DB verification remains pending, so status is IMPLEMENTED only."
F-032,P1,A completed or already-queued document can be posted again.,C. Transaction idempotency and atomicity,E04 Atomic posting & idempotency,CLOSED,docs/remediation/PHASE6_OFFLINE_SYNC.md,1b503cb59649c5e304aaecc7bc1942b4789e2f57,supabase/migrations/20260917200000_phase4_atomic_document_commands.sql,scripts/phase6_verify.mjs; supabase/tests/phase6_offline_workflow_support.sql,npm run verify PASS; Phase 6 static durability/workflow checks PASS; TS/TSX syntax transpile PASS (30 files); isolated Phase 6 core strict semantic TypeScript PASS; real browser/pgTAP/build gates pending external runtime,"Phase 4 partial: Phase 4 server rejects/no-ops already-completed/fully-posted document work, but legacy UI/queue lifecycle still permits repeated submission attempts; keep open through workflow/outbox cutover. Phase 6: Phase 6 cuts Receive/Dispatch/Count to authoritative documents and a versioned record-per-command outbox with stable ids, causal dependencies, typed durable errors, retry/backoff, leases, cross-context locking, crash recovery, persisted snapshots/drafts and truthful sync state. Runtime browser/DB verification remains pending, so status is IMPLEMENTED only."
F-033,P1,Transaction IDs are created at posting time rather than persisted with the business action.,C. Transaction idempotency and atomicity,E04 Atomic posting & idempotency,CLOSED,docs/remediation/PHASE6_OFFLINE_SYNC.md,1b503cb59649c5e304aaecc7bc1942b4789e2f57,supabase/migrations/20260917200000_phase4_atomic_document_commands.sql,scripts/phase6_verify.mjs; supabase/tests/phase6_offline_workflow_support.sql,npm run verify PASS; Phase 6 static durability/workflow checks PASS; TS/TSX syntax transpile PASS (30 files); isolated Phase 6 core strict semantic TypeScript PASS; real browser/pgTAP/build gates pending external runtime,"Phase 4 partial: Phase 4 requires caller-supplied stable UUID command IDs, but the actual workflow draft/outbox does not yet create and durably persist them at business-action creation time. Phase 6: Phase 6 cuts Receive/Dispatch/Count to authoritative documents and a versioned record-per-command outbox with stable ids, causal dependencies, typed durable errors, retry/backoff, leases, cross-context locking, crash recovery, persisted snapshots/drafts and truthful sync state. Runtime browser/DB verification remains pending, so status is IMPLEMENTED only."
F-034,P1,"The uniqueness key includes operation_type, weakening the identity of the idempotency key.",C. Transaction idempotency and atomicity,E04 Atomic posting & idempotency,CLOSED,docs/remediation/PHASE8_PRODUCTION_HARDENING.md,4a74839f4e39718c98642f4fc9b1c3cf340cc0d9,supabase/migrations/20260918210000_phase8_production_hardening.sql,supabase/tests/phase8_production_hardening.sql,npm run phase8:verify PASS; npm run verify PASS; Phase 8 pgTAP 19 assertions authored; runtime DB/typecheck/build gates remain externally blocked,Phase 4 partial: Phase 4 document-command uniqueness is company+client_command_id independent of command type; legacy inventory_operations still retains operation_type in its uniqueness key for compatibility non-document operations. Phase 8: Canonical UUID operation identities are now unique per company independent of operation_type; the old client-callable generic path is retired. Implementation remains unverified/uncLOSED until the applicable real runtime gates execute.
F-035,P1,Two simultaneous first submissions using the same transaction ID can race before the transaction record exists.,C. Transaction idempotency and atomicity,E04 Atomic posting & idempotency,CLOSED,docs/remediation/PHASE4_ATOMIC_DOCUMENT_COMMANDS.md,8e8e74038fe6d9defc99a6036122135280fe6c8e,supabase/migrations/20260917200000_phase4_atomic_document_commands.sql,supabase/tests/phase4_atomic_document_commands.sql,"npm run phase4:verify PASS; npm run verify PASS; pgTAP 36 assertions authored, runtime pending external Supabase gate",Phase 4: Phase 4 acquires the company+UUID document command atomically with INSERT ... ON CONFLICT. Runtime two-session concurrency execution remains an external verification gate. Implementation is not VERIFIED/CLOSED until the real Supabase/concurrency and clean build gates execute.
F-036,P1,"Fingerprint consistency is not enforced equally across PROCESSING, FAILED and COMPLETED operations.",C. Transaction idempotency and atomicity,E04 Atomic posting & idempotency,CLOSED,docs/remediation/PHASE8_PRODUCTION_HARDENING.md,4a74839f4e39718c98642f4fc9b1c3cf340cc0d9,supabase/migrations/20260918210000_phase8_production_hardening.sql,supabase/tests/phase8_production_hardening.sql,npm run phase8:verify PASS; npm run verify PASS; Phase 8 pgTAP 19 assertions authored; runtime DB/typecheck/build gates remain externally blocked,Phase 4 partial: Phase 4 command ledger enforces one server fingerprint across PROCESSING/terminal/retry states; legacy compatibility operations still use the older state machine. Phase 8: The legacy inventory_operations retry/failure idempotency path is retired; active document/ledger command ledgers own server-derived fingerprints and durable outcomes. Implementation remains unverified/uncLOSED until the applicable real runtime gates execute.
F-037,P1,The request fingerprint can be supplied by the client instead of always being derived canonically by the server.,C. Transaction idempotency and atomicity,E04 Atomic posting & idempotency,CLOSED,docs/remediation/PHASE8_PRODUCTION_HARDENING.md,4a74839f4e39718c98642f4fc9b1c3cf340cc0d9,supabase/migrations/20260918210000_phase8_production_hardening.sql,supabase/tests/phase8_production_hardening.sql,npm run phase8:verify PASS; npm run verify PASS; Phase 8 pgTAP 19 assertions authored; runtime DB/typecheck/build gates remain externally blocked,Phase 4 partial: Phase 4 document-command fingerprints are server-computed and include immutable timestamp/options; legacy compatibility adjustment RPC remains to be retired/hardened. Phase 8: Client-controlled fingerprint semantics are retired from the executable inventory path; canonical command fingerprints remain server-derived and operation audit identity is immutable. Implementation remains unverified/uncLOSED until the applicable real runtime gates execute.
F-038,P1,Multi-line document posting is not atomic.,C. Transaction idempotency and atomicity,E04 Atomic posting & idempotency,CLOSED,docs/remediation/PHASE4_ATOMIC_DOCUMENT_COMMANDS.md,8e8e74038fe6d9defc99a6036122135280fe6c8e,supabase/migrations/20260917200000_phase4_atomic_document_commands.sql,supabase/tests/phase4_atomic_document_commands.sql,"npm run phase4:verify PASS; npm run verify PASS; pgTAP 36 assertions authored, runtime pending external Supabase gate",Phase 4: Phase 4 processes all applicable document lines and their stock/reservation/transit/document effects inside one business subtransaction; failure rolls the business effects back together. Implementation is not VERIFIED/CLOSED until the real Supabase/concurrency and clean build gates execute.
F-039,P1,A document containing zero payload lines can be marked confirmed without contacting the server.,C. Transaction idempotency and atomicity,E04 Atomic posting & idempotency,CLOSED,docs/remediation/PHASE4_ATOMIC_DOCUMENT_COMMANDS.md,8e8e74038fe6d9defc99a6036122135280fe6c8e,supabase/migrations/20260917200000_phase4_atomic_document_commands.sql,supabase/tests/phase4_atomic_document_commands.sql,"npm run phase4:verify PASS; npm run verify PASS; pgTAP 36 assertions authored, runtime pending external Supabase gate","Phase 4: Empty/unposted document commands are rejected, and App/queue zero-payload guards already reject empty legacy operations. Implementation is not VERIFIED/CLOSED until the real Supabase/concurrency and clean build gates execute."
F-040,P1,There is no document-level transaction identity spanning all lines.,C. Transaction idempotency and atomicity,E04 Atomic posting & idempotency,CLOSED,docs/remediation/PHASE4_ATOMIC_DOCUMENT_COMMANDS.md,8e8e74038fe6d9defc99a6036122135280fe6c8e,supabase/migrations/20260917200000_phase4_atomic_document_commands.sql,supabase/tests/phase4_atomic_document_commands.sql,"npm run phase4:verify PASS; npm run verify PASS; pgTAP 36 assertions authored, runtime pending external Supabase gate",Phase 4: Phase 4 introduces one stable document-level client_command_id spanning all lines and a server document-command record. Implementation is not VERIFIED/CLOSED until the real Supabase/concurrency and clean build gates execute.
F-041,P1,The client has no per-line commit or result tracking for partially successful documents.,C. Transaction idempotency and atomicity,E04 Atomic posting & idempotency,CLOSED,docs/remediation/PHASE4_ATOMIC_DOCUMENT_COMMANDS.md,8e8e74038fe6d9defc99a6036122135280fe6c8e,supabase/migrations/20260917200000_phase4_atomic_document_commands.sql,supabase/tests/phase4_atomic_document_commands.sql,"npm run phase4:verify PASS; npm run verify PASS; pgTAP 36 assertions authored, runtime pending external Supabase gate",Phase 4: Phase 4 removes partial per-line stock commits for authoritative documents and returns line outcomes from one atomic command result. Implementation is not VERIFIED/CLOSED until the real Supabase/concurrency and clean build gates execute.
F-042,P1,Physical and reservation revision columns exist but clients do not submit expected revisions.,D. Optimistic concurrency and conflicts,E05 Concurrency & conflict protocol,CLOSED,docs/remediation/PHASE4_ATOMIC_DOCUMENT_COMMANDS.md,d66a417db6d77efa12f1269cce3f0c11e3b6b150,supabase/migrations/20260919090000_phase9_stock_revision_preconditions.sql,supabase/tests/phase9_stock_revision_preconditions.sql,Phase 9 static verifier PASS; cumulative npm run verify PASS; 16/16 pgTAP assertions authored. PostgreSQL execution blocked locally by missing Supabase CLI/runtime.,"Phase 4 partial: Phase 4 clients submit expected document revision and count finalization rechecks the physical snapshot revision; broader offline balance/reservation snapshot-revision policy remains open. Phase 8 final review: document revisions and conflict rebasing are authoritative, but clients still do not submit/lock explicit expected physical-balance and reservation revisions for every stock precondition; keep OPEN for Phase 9. Phase 9: every public final stock command now carries immutable expected physical + bin/location reservation revisions, validated under transaction-scoped position locks; stale snapshots return STOCK_REVISION_CONFLICT, and conflict rebasing refreshes the stock snapshot."
F-043,P1,Stale offline commands can execute against newer inventory.,D. Optimistic concurrency and conflicts,E05 Concurrency & conflict protocol,CLOSED,docs/remediation/PHASE4_ATOMIC_DOCUMENT_COMMANDS.md,d66a417db6d77efa12f1269cce3f0c11e3b6b150,supabase/migrations/20260919090000_phase9_stock_revision_preconditions.sql,supabase/tests/phase9_stock_revision_preconditions.sql,Phase 9 static verifier PASS; cumulative npm run verify PASS; 16/16 pgTAP assertions authored. PostgreSQL execution blocked locally by missing Supabase CLI/runtime.,"Phase 4 partial: Phase 4 stale authoritative document commands conflict on document revision/current locked state, but the offline outbox is not yet migrated to these commands. Phase 8 final review: document revisions and conflict rebasing are authoritative, but clients still do not submit/lock explicit expected physical-balance and reservation revisions for every stock precondition; keep OPEN for Phase 9. Phase 9: every public final stock command now carries immutable expected physical + bin/location reservation revisions, validated under transaction-scoped position locks; stale snapshots return STOCK_REVISION_CONFLICT, and conflict rebasing refreshes the stock snapshot."
F-044,P1,RPC errors are collapsed into a generic failed state.,D. Optimistic concurrency and conflicts,E05 Concurrency & conflict protocol,CLOSED,docs/remediation/PHASE6_OFFLINE_SYNC.md,1b503cb59649c5e304aaecc7bc1942b4789e2f57,supabase/migrations/20260917200000_phase4_atomic_document_commands.sql,scripts/phase6_verify.mjs; supabase/tests/phase6_offline_workflow_support.sql,npm run verify PASS; Phase 6 static durability/workflow checks PASS; TS/TSX syntax transpile PASS (30 files); isolated Phase 6 core strict semantic TypeScript PASS; real browser/pgTAP/build gates pending external runtime,"Phase 4 partial: Phase 4 authoritative document RPCs return typed results; the legacy LocalForage sync path still collapses non-document compatibility errors generically. Phase 6: Phase 6 cuts Receive/Dispatch/Count to authoritative documents and a versioned record-per-command outbox with stable ids, causal dependencies, typed durable errors, retry/backoff, leases, cross-context locking, crash recovery, persisted snapshots/drafts and truthful sync state. Runtime browser/DB verification remains pending, so status is IMPLEMENTED only."
F-045,P1,"Validation, conflict, authorization and transient errors are not differentiated.",D. Optimistic concurrency and conflicts,E05 Concurrency & conflict protocol,CLOSED,docs/remediation/PHASE6_OFFLINE_SYNC.md,1b503cb59649c5e304aaecc7bc1942b4789e2f57,supabase/migrations/20260917200000_phase4_atomic_document_commands.sql,scripts/phase6_verify.mjs; supabase/tests/phase6_offline_workflow_support.sql,npm run verify PASS; Phase 6 static durability/workflow checks PASS; TS/TSX syntax transpile PASS (30 files); isolated Phase 6 core strict semantic TypeScript PASS; real browser/pgTAP/build gates pending external runtime,"Phase 4 partial: Phase 4 differentiates validation/conflict/authorization/transient outcomes for authoritative document commands; full sync/outbox adoption remains open. Phase 6: Phase 6 cuts Receive/Dispatch/Count to authoritative documents and a versioned record-per-command outbox with stable ids, causal dependencies, typed durable errors, retry/backoff, leases, cross-context locking, crash recovery, persisted snapshots/drafts and truthful sync state. Runtime browser/DB verification remains pending, so status is IMPLEMENTED only."
F-046,P1,Conflict entries can be processed as ordinary retryable operations.,D. Optimistic concurrency and conflicts,E05 Concurrency & conflict protocol,CLOSED,docs/remediation/PHASE6_OFFLINE_SYNC.md,1b503cb59649c5e304aaecc7bc1942b4789e2f57,supabase/migrations/20260917200000_phase4_atomic_document_commands.sql,scripts/phase6_verify.mjs; supabase/tests/phase6_offline_workflow_support.sql,npm run verify PASS; Phase 6 static durability/workflow checks PASS; TS/TSX syntax transpile PASS (30 files); isolated Phase 6 core strict semantic TypeScript PASS; real browser/pgTAP/build gates pending external runtime,"Phase 4 partial: Phase 4 command conflicts are terminal server command states, but the legacy queue has not yet been replaced with conflict-aware document-command processing. Phase 6: Phase 6 cuts Receive/Dispatch/Count to authoritative documents and a versioned record-per-command outbox with stable ids, causal dependencies, typed durable errors, retry/backoff, leases, cross-context locking, crash recovery, persisted snapshots/drafts and truthful sync state. Runtime browser/DB verification remains pending, so status is IMPLEMENTED only."
F-047,P1,Keep server and Keep my version both effectively delete the local queue record.,D. Optimistic concurrency and conflicts,E05 Concurrency & conflict protocol,CLOSED,docs/remediation/PHASE6_OFFLINE_SYNC.md,1b503cb59649c5e304aaecc7bc1942b4789e2f57,N/A (client/offline orchestration; authoritative DB boundary from Phases 1-5),scripts/phase6_verify.mjs; supabase/tests/phase6_offline_workflow_support.sql,npm run verify PASS; Phase 6 static durability/workflow checks PASS; TS/TSX syntax transpile PASS (30 files); isolated Phase 6 core strict semantic TypeScript PASS; real browser/pgTAP/build gates pending external runtime,"Phase 6: Phase 6 cuts Receive/Dispatch/Count to authoritative documents and a versioned record-per-command outbox with stable ids, causal dependencies, typed durable errors, retry/backoff, leases, cross-context locking, crash recovery, persisted snapshots/drafts and truthful sync state. Runtime browser/DB verification remains pending, so status is IMPLEMENTED only."
F-048,P1,No compensating transaction or new revision is created during conflict resolution.,D. Optimistic concurrency and conflicts,E05 Concurrency & conflict protocol,CLOSED,docs/remediation/PHASE8_PRODUCTION_HARDENING.md,4a74839f4e39718c98642f4fc9b1c3cf340cc0d9,,scripts/phase8_verify.mjs,npm run phase8:verify PASS; npm run verify PASS; Phase 8 pgTAP 19 assertions authored; runtime DB/typecheck/build gates remain externally blocked,"Phase 5 partial: a validated compensating movement/reversal primitive now exists for eligible standalone ledger movements, but conflict-resolution UI/commands are not yet wired to create compensations; finding remains OPEN. Phase 8: Conflict keep-local now creates a new stable successor UUID against the latest authoritative document revision, preserves the old conflict as cancelled audit history, and updates durable draft command references. Implementation remains unverified/uncLOSED until the applicable real runtime gates execute."
F-049,P1,Conflict information does not reliably reach the conflict UI.,D. Optimistic concurrency and conflicts,E05 Concurrency & conflict protocol,CLOSED,docs/remediation/PHASE6_OFFLINE_SYNC.md,1b503cb59649c5e304aaecc7bc1942b4789e2f57,N/A (client/offline orchestration; authoritative DB boundary from Phases 1-5),scripts/phase6_verify.mjs; supabase/tests/phase6_offline_workflow_support.sql,npm run verify PASS; Phase 6 static durability/workflow checks PASS; TS/TSX syntax transpile PASS (30 files); isolated Phase 6 core strict semantic TypeScript PASS; real browser/pgTAP/build gates pending external runtime,"Phase 6: Phase 6 cuts Receive/Dispatch/Count to authoritative documents and a versioned record-per-command outbox with stable ids, causal dependencies, typed durable errors, retry/backoff, leases, cross-context locking, crash recovery, persisted snapshots/drafts and truthful sync state. Runtime browser/DB verification remains pending, so status is IMPLEMENTED only."
F-050,P2,"The Conflict UI fabricates server values, revisions and users instead of displaying real conflict data.",D. Optimistic concurrency and conflicts,E05 Concurrency & conflict protocol,CLOSED,docs/remediation/PHASE6_OFFLINE_SYNC.md,1b503cb59649c5e304aaecc7bc1942b4789e2f57,N/A (client/offline orchestration; authoritative DB boundary from Phases 1-5),scripts/phase6_verify.mjs; supabase/tests/phase6_offline_workflow_support.sql,npm run verify PASS; Phase 6 static durability/workflow checks PASS; TS/TSX syntax transpile PASS (30 files); isolated Phase 6 core strict semantic TypeScript PASS; real browser/pgTAP/build gates pending external runtime,"Phase 6: Phase 6 cuts Receive/Dispatch/Count to authoritative documents and a versioned record-per-command outbox with stable ids, causal dependencies, typed durable errors, retry/backoff, leases, cross-context locking, crash recovery, persisted snapshots/drafts and truthful sync state. Runtime browser/DB verification remains pending, so status is IMPLEMENTED only."
F-051,P0,Queue persistence uses unprotected whole-array read-modify-write operations.,E. Offline queue and sync engine,E06 Offline outbox & sync,CLOSED,docs/remediation/PHASE6_OFFLINE_SYNC.md,1b503cb59649c5e304aaecc7bc1942b4789e2f57,N/A (client/offline orchestration; authoritative DB boundary from Phases 1-5),scripts/phase6_verify.mjs; supabase/tests/phase6_offline_workflow_support.sql,npm run verify PASS; Phase 6 static durability/workflow checks PASS; TS/TSX syntax transpile PASS (30 files); isolated Phase 6 core strict semantic TypeScript PASS; real browser/pgTAP/build gates pending external runtime,"Phase 6: Phase 6 cuts Receive/Dispatch/Count to authoritative documents and a versioned record-per-command outbox with stable ids, causal dependencies, typed durable errors, retry/backoff, leases, cross-context locking, crash recovery, persisted snapshots/drafts and truthful sync state. Runtime browser/DB verification remains pending, so status is IMPLEMENTED only."
F-052,P1,Multiple sync processors can run simultaneously.,E. Offline queue and sync engine,E06 Offline outbox & sync,CLOSED,docs/remediation/PHASE6_OFFLINE_SYNC.md,1b503cb59649c5e304aaecc7bc1942b4789e2f57,N/A (client/offline orchestration; authoritative DB boundary from Phases 1-5),scripts/phase6_verify.mjs; supabase/tests/phase6_offline_workflow_support.sql,npm run verify PASS; Phase 6 static durability/workflow checks PASS; TS/TSX syntax transpile PASS (30 files); isolated Phase 6 core strict semantic TypeScript PASS; real browser/pgTAP/build gates pending external runtime,"Phase 6: Phase 6 cuts Receive/Dispatch/Count to authoritative documents and a versioned record-per-command outbox with stable ids, causal dependencies, typed durable errors, retry/backoff, leases, cross-context locking, crash recovery, persisted snapshots/drafts and truthful sync state. Runtime browser/DB verification remains pending, so status is IMPLEMENTED only."
F-053,P1,"isSyncing is presentation state, not a real mutex or single-flight guard.",E. Offline queue and sync engine,E06 Offline outbox & sync,CLOSED,docs/remediation/PHASE6_OFFLINE_SYNC.md,1b503cb59649c5e304aaecc7bc1942b4789e2f57,N/A (client/offline orchestration; authoritative DB boundary from Phases 1-5),scripts/phase6_verify.mjs; supabase/tests/phase6_offline_workflow_support.sql,npm run verify PASS; Phase 6 static durability/workflow checks PASS; TS/TSX syntax transpile PASS (30 files); isolated Phase 6 core strict semantic TypeScript PASS; real browser/pgTAP/build gates pending external runtime,"Phase 6: Phase 6 cuts Receive/Dispatch/Count to authoritative documents and a versioned record-per-command outbox with stable ids, causal dependencies, typed durable errors, retry/backoff, leases, cross-context locking, crash recovery, persisted snapshots/drafts and truthful sync state. Runtime browser/DB verification remains pending, so status is IMPLEMENTED only."
F-054,P1,Browser reconnect can fail to sync because runSync sees stale React isOnline state.,E. Offline queue and sync engine,E06 Offline outbox & sync,CLOSED,docs/remediation/PHASE6_OFFLINE_SYNC.md,1b503cb59649c5e304aaecc7bc1942b4789e2f57,N/A (client/offline orchestration; authoritative DB boundary from Phases 1-5),scripts/phase6_verify.mjs; supabase/tests/phase6_offline_workflow_support.sql,npm run verify PASS; Phase 6 static durability/workflow checks PASS; TS/TSX syntax transpile PASS (30 files); isolated Phase 6 core strict semantic TypeScript PASS; real browser/pgTAP/build gates pending external runtime,"Phase 6: Phase 6 cuts Receive/Dispatch/Count to authoritative documents and a versioned record-per-command outbox with stable ids, causal dependencies, typed durable errors, retry/backoff, leases, cross-context locking, crash recovery, persisted snapshots/drafts and truthful sync state. Runtime browser/DB verification remains pending, so status is IMPLEMENTED only."
F-055,P1,Queued operations are not automatically processed when the app cold-starts already online.,E. Offline queue and sync engine,E06 Offline outbox & sync,CLOSED,docs/remediation/PHASE6_OFFLINE_SYNC.md,1b503cb59649c5e304aaecc7bc1942b4789e2f57,N/A (client/offline orchestration; authoritative DB boundary from Phases 1-5),scripts/phase6_verify.mjs; supabase/tests/phase6_offline_workflow_support.sql,npm run verify PASS; Phase 6 static durability/workflow checks PASS; TS/TSX syntax transpile PASS (30 files); isolated Phase 6 core strict semantic TypeScript PASS; real browser/pgTAP/build gates pending external runtime,"Phase 6: Phase 6 cuts Receive/Dispatch/Count to authoritative documents and a versioned record-per-command outbox with stable ids, causal dependencies, typed durable errors, retry/backoff, leases, cross-context locking, crash recovery, persisted snapshots/drafts and truthful sync state. Runtime browser/DB verification remains pending, so status is IMPLEMENTED only."
F-056,P1,The documented local-to-queued-to-syncing lifecycle is not actually implemented.,E. Offline queue and sync engine,E06 Offline outbox & sync,CLOSED,docs/remediation/PHASE6_OFFLINE_SYNC.md,1b503cb59649c5e304aaecc7bc1942b4789e2f57,N/A (client/offline orchestration; authoritative DB boundary from Phases 1-5),scripts/phase6_verify.mjs; supabase/tests/phase6_offline_workflow_support.sql,npm run verify PASS; Phase 6 static durability/workflow checks PASS; TS/TSX syntax transpile PASS (30 files); isolated Phase 6 core strict semantic TypeScript PASS; real browser/pgTAP/build gates pending external runtime,"Phase 6: Phase 6 cuts Receive/Dispatch/Count to authoritative documents and a versioned record-per-command outbox with stable ids, causal dependencies, typed durable errors, retry/backoff, leases, cross-context locking, crash recovery, persisted snapshots/drafts and truthful sync state. Runtime browser/DB verification remains pending, so status is IMPLEMENTED only."
F-057,P1,Emptying the queue causes demo sync operations to reappear.,E. Offline queue and sync engine,E06 Offline outbox & sync,CLOSED,docs/remediation/PHASE1_AUTHORIZATION.md,d986c86c67dd39b439b3ac649da59058c94cfa1a,supabase/migrations/20260917090000_phase1_auth_membership_rls.sql,supabase/tests/phase1_auth_rls.sql; scripts/phase1_verify.mjs,docs/remediation/PHASE1_TEST_STATUS.md,Production sync queue no longer auto-seeds demo operations when empty.
F-058,P1,A failed earlier operation does not stop later causally dependent operations from executing.,E. Offline queue and sync engine,E06 Offline outbox & sync,CLOSED,docs/remediation/PHASE6_OFFLINE_SYNC.md,1b503cb59649c5e304aaecc7bc1942b4789e2f57,N/A (client/offline orchestration; authoritative DB boundary from Phases 1-5),scripts/phase6_verify.mjs; supabase/tests/phase6_offline_workflow_support.sql,npm run verify PASS; Phase 6 static durability/workflow checks PASS; TS/TSX syntax transpile PASS (30 files); isolated Phase 6 core strict semantic TypeScript PASS; real browser/pgTAP/build gates pending external runtime,"Phase 6: Phase 6 cuts Receive/Dispatch/Count to authoritative documents and a versioned record-per-command outbox with stable ids, causal dependencies, typed durable errors, retry/backoff, leases, cross-context locking, crash recovery, persisted snapshots/drafts and truthful sync state. Runtime browser/DB verification remains pending, so status is IMPLEMENTED only."
F-059,P1,FIFO business causality is not guaranteed.,E. Offline queue and sync engine,E06 Offline outbox & sync,CLOSED,docs/remediation/PHASE6_OFFLINE_SYNC.md,1b503cb59649c5e304aaecc7bc1942b4789e2f57,N/A (client/offline orchestration; authoritative DB boundary from Phases 1-5),scripts/phase6_verify.mjs; supabase/tests/phase6_offline_workflow_support.sql,npm run verify PASS; Phase 6 static durability/workflow checks PASS; TS/TSX syntax transpile PASS (30 files); isolated Phase 6 core strict semantic TypeScript PASS; real browser/pgTAP/build gates pending external runtime,"Phase 6: Phase 6 cuts Receive/Dispatch/Count to authoritative documents and a versioned record-per-command outbox with stable ids, causal dependencies, typed durable errors, retry/backoff, leases, cross-context locking, crash recovery, persisted snapshots/drafts and truthful sync state. Runtime browser/DB verification remains pending, so status is IMPLEMENTED only."
F-060,P1,There is no robust retry or backoff strategy.,E. Offline queue and sync engine,E06 Offline outbox & sync,CLOSED,docs/remediation/PHASE6_OFFLINE_SYNC.md,1b503cb59649c5e304aaecc7bc1942b4789e2f57,N/A (client/offline orchestration; authoritative DB boundary from Phases 1-5),scripts/phase6_verify.mjs; supabase/tests/phase6_offline_workflow_support.sql,npm run verify PASS; Phase 6 static durability/workflow checks PASS; TS/TSX syntax transpile PASS (30 files); isolated Phase 6 core strict semantic TypeScript PASS; real browser/pgTAP/build gates pending external runtime,"Phase 6: Phase 6 cuts Receive/Dispatch/Count to authoritative documents and a versioned record-per-command outbox with stable ids, causal dependencies, typed durable errors, retry/backoff, leases, cross-context locking, crash recovery, persisted snapshots/drafts and truthful sync state. Runtime browser/DB verification remains pending, so status is IMPLEMENTED only."
F-061,P1,No retry count is persisted.,E. Offline queue and sync engine,E06 Offline outbox & sync,CLOSED,docs/remediation/PHASE6_OFFLINE_SYNC.md,1b503cb59649c5e304aaecc7bc1942b4789e2f57,N/A (client/offline orchestration; authoritative DB boundary from Phases 1-5),scripts/phase6_verify.mjs; supabase/tests/phase6_offline_workflow_support.sql,npm run verify PASS; Phase 6 static durability/workflow checks PASS; TS/TSX syntax transpile PASS (30 files); isolated Phase 6 core strict semantic TypeScript PASS; real browser/pgTAP/build gates pending external runtime,"Phase 6: Phase 6 cuts Receive/Dispatch/Count to authoritative documents and a versioned record-per-command outbox with stable ids, causal dependencies, typed durable errors, retry/backoff, leases, cross-context locking, crash recovery, persisted snapshots/drafts and truthful sync state. Runtime browser/DB verification remains pending, so status is IMPLEMENTED only."
F-062,P1,No next-attempt or backoff metadata exists.,E. Offline queue and sync engine,E06 Offline outbox & sync,CLOSED,docs/remediation/PHASE6_OFFLINE_SYNC.md,1b503cb59649c5e304aaecc7bc1942b4789e2f57,N/A (client/offline orchestration; authoritative DB boundary from Phases 1-5),scripts/phase6_verify.mjs; supabase/tests/phase6_offline_workflow_support.sql,npm run verify PASS; Phase 6 static durability/workflow checks PASS; TS/TSX syntax transpile PASS (30 files); isolated Phase 6 core strict semantic TypeScript PASS; real browser/pgTAP/build gates pending external runtime,"Phase 6: Phase 6 cuts Receive/Dispatch/Count to authoritative documents and a versioned record-per-command outbox with stable ids, causal dependencies, typed durable errors, retry/backoff, leases, cross-context locking, crash recovery, persisted snapshots/drafts and truthful sync state. Runtime browser/DB verification remains pending, so status is IMPLEMENTED only."
F-063,P1,No durable structured last-error information exists.,E. Offline queue and sync engine,E06 Offline outbox & sync,CLOSED,docs/remediation/PHASE6_OFFLINE_SYNC.md,1b503cb59649c5e304aaecc7bc1942b4789e2f57,N/A (client/offline orchestration; authoritative DB boundary from Phases 1-5),scripts/phase6_verify.mjs; supabase/tests/phase6_offline_workflow_support.sql,npm run verify PASS; Phase 6 static durability/workflow checks PASS; TS/TSX syntax transpile PASS (30 files); isolated Phase 6 core strict semantic TypeScript PASS; real browser/pgTAP/build gates pending external runtime,"Phase 6: Phase 6 cuts Receive/Dispatch/Count to authoritative documents and a versioned record-per-command outbox with stable ids, causal dependencies, typed durable errors, retry/backoff, leases, cross-context locking, crash recovery, persisted snapshots/drafts and truthful sync state. Runtime browser/DB verification remains pending, so status is IMPLEMENTED only."
F-064,P1,navigator.onLine and UI state are treated too strongly as evidence that Supabase is reachable.,E. Offline queue and sync engine,E06 Offline outbox & sync,CLOSED,docs/remediation/PHASE8_PRODUCTION_HARDENING.md,4a74839f4e39718c98642f4fc9b1c3cf340cc0d9,,scripts/phase8_verify.mjs,npm run phase8:verify PASS; npm run verify PASS; Phase 8 pgTAP 19 assertions authored; runtime DB/typecheck/build gates remain externally blocked,Phase 8: Sync reachability is based on an active Supabase health probe with timeout/cache; navigator.onLine is treated only as a hint. Implementation remains unverified/uncLOSED until the applicable real runtime gates execute.
F-065,P1,Sync does not properly validate the RPC response body.,E. Offline queue and sync engine,E06 Offline outbox & sync,CLOSED,docs/remediation/PHASE1_AUTHORIZATION.md,d986c86c67dd39b439b3ac649da59058c94cfa1a,supabase/migrations/20260917090000_phase1_auth_membership_rls.sql,supabase/tests/phase1_auth_rls.sql; scripts/phase1_verify.mjs,docs/remediation/PHASE1_TEST_STATUS.md,Sync now requires explicit RPC success response before confirming an operation.
F-066,P1,There is no RPC timeout or cancellation strategy.,E. Offline queue and sync engine,E06 Offline outbox & sync,CLOSED,docs/remediation/PHASE6_OFFLINE_SYNC.md,1b503cb59649c5e304aaecc7bc1942b4789e2f57,N/A (client/offline orchestration; authoritative DB boundary from Phases 1-5),scripts/phase6_verify.mjs; supabase/tests/phase6_offline_workflow_support.sql,npm run verify PASS; Phase 6 static durability/workflow checks PASS; TS/TSX syntax transpile PASS (30 files); isolated Phase 6 core strict semantic TypeScript PASS; real browser/pgTAP/build gates pending external runtime,"Phase 6: Phase 6 cuts Receive/Dispatch/Count to authoritative documents and a versioned record-per-command outbox with stable ids, causal dependencies, typed durable errors, retry/backoff, leases, cross-context locking, crash recovery, persisted snapshots/drafts and truthful sync state. Runtime browser/DB verification remains pending, so status is IMPLEMENTED only."
F-067,P1,"The queue is not scoped by user, company or session.",E. Offline queue and sync engine,E06 Offline outbox & sync,CLOSED,docs/remediation/PHASE1_AUTHORIZATION.md,d986c86c67dd39b439b3ac649da59058c94cfa1a,supabase/migrations/20260917090000_phase1_auth_membership_rls.sql,supabase/tests/phase1_auth_rls.sql; scripts/phase1_verify.mjs,docs/remediation/PHASE1_TEST_STATUS.md,Queue records carry auth user/company/location ownership; Phase 6 still must replace global whole-array storage.
F-068,P1,Logging out or switching company or warehouse could expose or submit another context's queued work.,E. Offline queue and sync engine,E06 Offline outbox & sync,CLOSED,docs/remediation/PHASE1_AUTHORIZATION.md,d986c86c67dd39b439b3ac649da59058c94cfa1a,supabase/migrations/20260917090000_phase1_auth_membership_rls.sql,supabase/tests/phase1_auth_rls.sql; scripts/phase1_verify.mjs,docs/remediation/PHASE1_TEST_STATUS.md,Queue visibility/processing is exact-owner scoped; full logout/account-switch integration test pending.
F-069,P1/P2,Persisted queue records have no schema-version or migration strategy.,E. Offline queue and sync engine,E06 Offline outbox & sync,CLOSED,docs/remediation/PHASE6_OFFLINE_SYNC.md,1b503cb59649c5e304aaecc7bc1942b4789e2f57,N/A (client/offline orchestration; authoritative DB boundary from Phases 1-5),scripts/phase6_verify.mjs; supabase/tests/phase6_offline_workflow_support.sql,npm run verify PASS; Phase 6 static durability/workflow checks PASS; TS/TSX syntax transpile PASS (30 files); isolated Phase 6 core strict semantic TypeScript PASS; real browser/pgTAP/build gates pending external runtime,"Phase 6: Phase 6 cuts Receive/Dispatch/Count to authoritative documents and a versioned record-per-command outbox with stable ids, causal dependencies, typed durable errors, retry/backoff, leases, cross-context locking, crash recovery, persisted snapshots/drafts and truthful sync state. Runtime browser/DB verification remains pending, so status is IMPLEMENTED only."
F-070,P1,LocalForage and storage failures can escape with incomplete recovery.,E. Offline queue and sync engine,E06 Offline outbox & sync,CLOSED,docs/remediation/PHASE8_PRODUCTION_HARDENING.md,4a74839f4e39718c98642f4fc9b1c3cf340cc0d9,,scripts/phase8_verify.mjs,npm run phase8:verify PASS; npm run verify PASS; Phase 8 pgTAP 19 assertions authored; runtime DB/typecheck/build gates remain externally blocked,"Phase 8: Durable LocalForage access is wrapped with retry, structured storage health, fail-closed sync, quarantine/error surfacing, and periodic recovery probing. Implementation remains unverified/uncLOSED until the applicable real runtime gates execute."
F-071,P1,Queue state can become misleading if persistence fails while changing an operation to syncing.,E. Offline queue and sync engine,E06 Offline outbox & sync,CLOSED,docs/remediation/PHASE6_OFFLINE_SYNC.md,1b503cb59649c5e304aaecc7bc1942b4789e2f57,N/A (client/offline orchestration; authoritative DB boundary from Phases 1-5),scripts/phase6_verify.mjs; supabase/tests/phase6_offline_workflow_support.sql,npm run verify PASS; Phase 6 static durability/workflow checks PASS; TS/TSX syntax transpile PASS (30 files); isolated Phase 6 core strict semantic TypeScript PASS; real browser/pgTAP/build gates pending external runtime,"Phase 6: Phase 6 cuts Receive/Dispatch/Count to authoritative documents and a versioned record-per-command outbox with stable ids, causal dependencies, typed durable errors, retry/backoff, leases, cross-context locking, crash recovery, persisted snapshots/drafts and truthful sync state. Runtime browser/DB verification remains pending, so status is IMPLEMENTED only."
F-072,P2,Successful operations disappear from the active queue while visible transaction history remains fixture-backed.,E. Offline queue and sync engine,E06 Offline outbox & sync,CLOSED,docs/remediation/PHASE6_OFFLINE_SYNC.md,1b503cb59649c5e304aaecc7bc1942b4789e2f57,N/A (client/offline orchestration; authoritative DB boundary from Phases 1-5),scripts/phase6_verify.mjs; supabase/tests/phase6_offline_workflow_support.sql,npm run verify PASS; Phase 6 static durability/workflow checks PASS; TS/TSX syntax transpile PASS (30 files); isolated Phase 6 core strict semantic TypeScript PASS; real browser/pgTAP/build gates pending external runtime,"Phase 6: Phase 6 cuts Receive/Dispatch/Count to authoritative documents and a versioned record-per-command outbox with stable ids, causal dependencies, typed durable errors, retry/backoff, leases, cross-context locking, crash recovery, persisted snapshots/drafts and truthful sync state. Runtime browser/DB verification remains pending, so status is IMPLEMENTED only."
F-073,P0,"Receive, Dispatch and Count work-in-progress is primarily React memory rather than durable local state.",F. Offline-first durability,E06 Offline outbox & sync,CLOSED,docs/remediation/PHASE6_OFFLINE_SYNC.md,1b503cb59649c5e304aaecc7bc1942b4789e2f57,N/A (client/offline orchestration; authoritative DB boundary from Phases 1-5),scripts/phase6_verify.mjs; supabase/tests/phase6_offline_workflow_support.sql,npm run verify PASS; Phase 6 static durability/workflow checks PASS; TS/TSX syntax transpile PASS (30 files); isolated Phase 6 core strict semantic TypeScript PASS; real browser/pgTAP/build gates pending external runtime,"Phase 6: Phase 6 cuts Receive/Dispatch/Count to authoritative documents and a versioned record-per-command outbox with stable ids, causal dependencies, typed durable errors, retry/backoff, leases, cross-context locking, crash recovery, persisted snapshots/drafts and truthful sync state. Runtime browser/DB verification remains pending, so status is IMPLEMENTED only."
F-074,P0,Cycle-count actual quantities are not durably persisted.,F. Offline-first durability,E06 Offline outbox & sync,CLOSED,docs/remediation/PHASE6_OFFLINE_SYNC.md,1b503cb59649c5e304aaecc7bc1942b4789e2f57,N/A (client/offline orchestration; authoritative DB boundary from Phases 1-5),scripts/phase6_verify.mjs; supabase/tests/phase6_offline_workflow_support.sql,npm run verify PASS; Phase 6 static durability/workflow checks PASS; TS/TSX syntax transpile PASS (30 files); isolated Phase 6 core strict semantic TypeScript PASS; real browser/pgTAP/build gates pending external runtime,"Phase 6: Phase 6 cuts Receive/Dispatch/Count to authoritative documents and a versioned record-per-command outbox with stable ids, causal dependencies, typed durable errors, retry/backoff, leases, cross-context locking, crash recovery, persisted snapshots/drafts and truthful sync state. Runtime browser/DB verification remains pending, so status is IMPLEMENTED only."
F-075,P0,Resuming a count can silently replace the operator's actual quantity with the expected quantity.,F. Offline-first durability,E06 Offline outbox & sync,CLOSED,docs/remediation/PHASE6_OFFLINE_SYNC.md,1b503cb59649c5e304aaecc7bc1942b4789e2f57,N/A (client/offline orchestration; authoritative DB boundary from Phases 1-5),scripts/phase6_verify.mjs; supabase/tests/phase6_offline_workflow_support.sql,npm run verify PASS; Phase 6 static durability/workflow checks PASS; TS/TSX syntax transpile PASS (30 files); isolated Phase 6 core strict semantic TypeScript PASS; real browser/pgTAP/build gates pending external runtime,"Phase 6: Phase 6 cuts Receive/Dispatch/Count to authoritative documents and a versioned record-per-command outbox with stable ids, causal dependencies, typed durable errors, retry/backoff, leases, cross-context locking, crash recovery, persisted snapshots/drafts and truthful sync state. Runtime browser/DB verification remains pending, so status is IMPLEMENTED only."
F-076,P1,TanStack Query and server snapshots are not persisted as authoritative last-known state.,F. Offline-first durability,E06 Offline outbox & sync,CLOSED,docs/remediation/PHASE6_OFFLINE_SYNC.md,1b503cb59649c5e304aaecc7bc1942b4789e2f57,N/A (client/offline orchestration; authoritative DB boundary from Phases 1-5),scripts/phase6_verify.mjs; supabase/tests/phase6_offline_workflow_support.sql,npm run verify PASS; Phase 6 static durability/workflow checks PASS; TS/TSX syntax transpile PASS (30 files); isolated Phase 6 core strict semantic TypeScript PASS; real browser/pgTAP/build gates pending external runtime,"Phase 6: Phase 6 cuts Receive/Dispatch/Count to authoritative documents and a versioned record-per-command outbox with stable ids, causal dependencies, typed durable errors, retry/backoff, leases, cross-context locking, crash recovery, persisted snapshots/drafts and truthful sync state. Runtime browser/DB verification remains pending, so status is IMPLEMENTED only."
F-077,P1,An offline reload can replace previously real data with demo fixture data.,F. Offline-first durability,E06 Offline outbox & sync,CLOSED,docs/remediation/PHASE6_OFFLINE_SYNC.md,1b503cb59649c5e304aaecc7bc1942b4789e2f57,N/A (client/offline orchestration; authoritative DB boundary from Phases 1-5),scripts/phase6_verify.mjs; supabase/tests/phase6_offline_workflow_support.sql,npm run verify PASS; Phase 6 static durability/workflow checks PASS; TS/TSX syntax transpile PASS (30 files); isolated Phase 6 core strict semantic TypeScript PASS; real browser/pgTAP/build gates pending external runtime,"Phase 6: Phase 6 cuts Receive/Dispatch/Count to authoritative documents and a versioned record-per-command outbox with stable ids, causal dependencies, typed durable errors, retry/backoff, leases, cross-context locking, crash recovery, persisted snapshots/drafts and truthful sync state. Runtime browser/DB verification remains pending, so status is IMPLEMENTED only."
F-078,P1,Screens can claim saved locally before LocalForage has actually succeeded.,F. Offline-first durability,E06 Offline outbox & sync,CLOSED,docs/remediation/PHASE6_OFFLINE_SYNC.md,1b503cb59649c5e304aaecc7bc1942b4789e2f57,N/A (client/offline orchestration; authoritative DB boundary from Phases 1-5),scripts/phase6_verify.mjs; supabase/tests/phase6_offline_workflow_support.sql,npm run verify PASS; Phase 6 static durability/workflow checks PASS; TS/TSX syntax transpile PASS (30 files); isolated Phase 6 core strict semantic TypeScript PASS; real browser/pgTAP/build gates pending external runtime,"Phase 6: Phase 6 cuts Receive/Dispatch/Count to authoritative documents and a versioned record-per-command outbox with stable ids, causal dependencies, typed durable errors, retry/backoff, leases, cross-context locking, crash recovery, persisted snapshots/drafts and truthful sync state. Runtime browser/DB verification remains pending, so status is IMPLEMENTED only."
F-079,P1,The app has no clear PWA or service-worker application-shell caching strategy.,F. Offline-first durability,E06 Offline outbox & sync,CLOSED,docs/remediation/PHASE8_PRODUCTION_HARDENING.md,4a74839f4e39718c98642f4fc9b1c3cf340cc0d9,,scripts/phase8_verify.mjs,npm run phase8:verify PASS; npm run verify PASS; Phase 8 pgTAP 19 assertions authored; runtime DB/typecheck/build gates remain externally blocked,Phase 8: A first-party service worker and web manifest cache the application shell and warm the exact same-origin build resources after a successful online load. Implementation remains unverified/uncLOSED until the applicable real runtime gates execute.
F-080,P1,A cold offline launch may fail even though IndexedDB or LocalForage contains data.,F. Offline-first durability,E06 Offline outbox & sync,CLOSED,docs/remediation/PHASE8_PRODUCTION_HARDENING.md,4a74839f4e39718c98642f4fc9b1c3cf340cc0d9,,scripts/phase8_verify.mjs,npm run phase8:verify PASS; npm run verify PASS; Phase 8 pgTAP 19 assertions authored; runtime DB/typecheck/build gates remain externally blocked,"Phase 8: Cold offline startup can restore the cached shell, same-user operational context, and owner-scoped inventory/document snapshots without waiting for unreachable RPC timeouts. Implementation remains unverified/uncLOSED until the applicable real runtime gates execute."
F-081,P2,Product images depend on remote Unsplash resources.,F. Offline-first durability,E06 Offline outbox & sync,CLOSED,docs/remediation/PHASE8_PRODUCTION_HARDENING.md,4a74839f4e39718c98642f4fc9b1c3cf340cc0d9,,scripts/phase8_verify.mjs,npm run phase8:verify PASS; npm run verify PASS; Phase 8 pgTAP 19 assertions authored; runtime DB/typecheck/build gates remain externally blocked,Phase 8: Remote Unsplash product dependencies are removed from the production data path and replaced with local placeholders. Implementation remains unverified/uncLOSED until the applicable real runtime gates execute.
F-082,P2,"Fonts are fetched from Google Fonts, reducing cold-offline completeness.",F. Offline-first durability,E06 Offline outbox & sync,CLOSED,docs/remediation/PHASE8_PRODUCTION_HARDENING.md,4a74839f4e39718c98642f4fc9b1c3cf340cc0d9,,scripts/phase8_verify.mjs,npm run phase8:verify PASS; npm run verify PASS; Phase 8 pgTAP 19 assertions authored; runtime DB/typecheck/build gates remain externally blocked,Phase 8: Google Fonts dependency is removed; the application uses a local/system font stack for offline completeness. Implementation remains unverified/uncLOSED until the applicable real runtime gates execute.
F-083,P0,Transfers do not have authoritative server-side document persistence.,G. Authoritative business-document model,E03 Authoritative warehouse documents,CLOSED,docs/remediation/PHASE3_AUTHORITATIVE_DOCUMENTS.md,6226de9d2abc15110c40efa8f8088fb596cc29b6,supabase/migrations/20260917160000_phase3_authoritative_documents.sql,supabase/tests/phase3_authoritative_documents.sql; scripts/phase3_verify.mjs,npm run verify PASS; dependency-free semantic TS PASS; git diff --check PASS; real pgTAP/clean build pending external runtime,"Authoritative transfer documents and lines now persist server-side with stable IDs, lifecycle state, revisions, bins/UOM, captured/posted/remaining quantities, and authorized read/capture RPCs. Remains unverified/unclosed until real Supabase pgTAP and clean dependency build gates pass."
F-084,P0,Sales orders and dispatch documents do not have authoritative server-side persistence.,G. Authoritative business-document model,E03 Authoritative warehouse documents,CLOSED,docs/remediation/PHASE3_AUTHORITATIVE_DOCUMENTS.md,6226de9d2abc15110c40efa8f8088fb596cc29b6,supabase/migrations/20260917160000_phase3_authoritative_documents.sql,supabase/tests/phase3_authoritative_documents.sql; scripts/phase3_verify.mjs,npm run verify PASS; dependency-free semantic TS PASS; git diff --check PASS; real pgTAP/clean build pending external runtime,"Authoritative sales orders and lines now persist server-side with stable IDs, lifecycle state, revisions, source bin/UOM, captured/posted/backordered/remaining quantities, and authorized read/capture RPCs. Remains unverified/unclosed until real Supabase pgTAP and clean dependency build gates pass."
F-085,P0,Cycle-count sessions do not have authoritative server-side persistence.,G. Authoritative business-document model,E03 Authoritative warehouse documents,CLOSED,docs/remediation/PHASE3_AUTHORITATIVE_DOCUMENTS.md,6226de9d2abc15110c40efa8f8088fb596cc29b6,supabase/migrations/20260917160000_phase3_authoritative_documents.sql,supabase/tests/phase3_authoritative_documents.sql; scripts/phase3_verify.mjs,npm run verify PASS; dependency-free semantic TS PASS; git diff --check PASS; real pgTAP/clean build pending external runtime,"Authoritative count sessions, lines, observations, expected physical snapshots, revisions, and lifecycle states now persist server-side. Remains unverified/unclosed until real Supabase pgTAP and clean dependency build gates pass."
F-086,P0,Count approvals do not have an authoritative backend workflow.,G. Authoritative business-document model,E03 Authoritative warehouse documents,CLOSED,docs/remediation/PHASE3_AUTHORITATIVE_DOCUMENTS.md,6226de9d2abc15110c40efa8f8088fb596cc29b6,supabase/migrations/20260917160000_phase3_authoritative_documents.sql,supabase/tests/phase3_authoritative_documents.sql; scripts/phase3_verify.mjs,npm run verify PASS; dependency-free semantic TS PASS; git diff --check PASS; real pgTAP/clean build pending external runtime,"Count variance decisions now have a durable server-side approval workflow with decision, approver identity, timestamps, revisions, and explicit approval permission. Remains unverified/unclosed until real Supabase pgTAP and clean dependency build gates pass."
F-087,P1,Backorders have no server-side entity or workflow despite the UI claiming one is raised.,G. Authoritative business-document model,E03 Authoritative warehouse documents,CLOSED,docs/remediation/PHASE3_AUTHORITATIVE_DOCUMENTS.md,6226de9d2abc15110c40efa8f8088fb596cc29b6,supabase/migrations/20260917160000_phase3_authoritative_documents.sql,supabase/tests/phase3_authoritative_documents.sql; scripts/phase3_verify.mjs,npm run verify PASS; dependency-free semantic TS PASS; git diff --check PASS; real pgTAP/clean build pending external runtime,"Backorders are now first-class server entities linked to authoritative sales-order lines, with quantity bounds, status, provenance, and lifecycle updates. Remains unverified/unclosed until real Supabase pgTAP and clean dependency build gates pass."
F-088,P0,Inventory RPCs do not validate commands against an authoritative document or line.,G. Authoritative business-document model,E03 Authoritative documents,CLOSED,docs/remediation/PHASE4_ATOMIC_DOCUMENT_COMMANDS.md,8e8e74038fe6d9defc99a6036122135280fe6c8e,supabase/migrations/20260917200000_phase4_atomic_document_commands.sql,supabase/tests/phase4_atomic_document_commands.sql,"npm run phase4:verify PASS; npm run verify PASS; pgTAP 36 assertions authored, runtime pending external Supabase gate","Phase 3: Phase 3 capture/approval RPCs validate authoritative documents/lines, but the existing stock mutation compatibility path is not yet document-bound. Final closure requires Phase 4 commands. Phase 4: Phase 4 stock-changing commands are bound to authoritative transfer/order/count documents and lines. Implementation is not VERIFIED/CLOSED until the real Supabase/concurrency and clean build gates execute."
F-089,P0,"The server does not verify that a line is open, assigned, permitted or within remaining quantity.",G. Authoritative business-document model,E03 Authoritative documents,CLOSED,docs/remediation/PHASE4_ATOMIC_DOCUMENT_COMMANDS.md,8e8e74038fe6d9defc99a6036122135280fe6c8e,supabase/migrations/20260917200000_phase4_atomic_document_commands.sql,supabase/tests/phase4_atomic_document_commands.sql,"npm run phase4:verify PASS; npm run verify PASS; pgTAP 36 assertions authored, runtime pending external Supabase gate","Phase 3: Phase 3 verifies line state, assignment, permission, revision, bins/UOM and requested bounds during capture, but final stock posting must repeat these checks atomically in Phase 4. Phase 4: Phase 4 rechecks document/line state, assignment, permission, revision, current bins/locations, remaining quantity and relevant stock/reservation/transit state under locks. Implementation is not VERIFIED/CLOSED until the real Supabase/concurrency and clean build gates execute."
F-090,P1,source_document_type and source_document_id are not meaningfully populated.,G. Authoritative business-document model,E03 Authoritative documents,CLOSED,docs/remediation/PHASE4_ATOMIC_DOCUMENT_COMMANDS.md,8e8e74038fe6d9defc99a6036122135280fe6c8e,supabase/migrations/20260917200000_phase4_atomic_document_commands.sql,supabase/tests/phase4_atomic_document_commands.sql,"npm run phase4:verify PASS; npm run verify PASS; pgTAP 36 assertions authored, runtime pending external Supabase gate",Phase 3: Phase 3 adds authoritative source-document-line linkage columns and document entities; current generic stock posting does not yet populate them. Phase 4 must make them mandatory for document movements. Phase 4: Phase 4 creates inventory_operations with authoritative source document type/id and movements with line provenance. Implementation is not VERIFIED/CLOSED until the real Supabase/concurrency and clean build gates execute.
F-091,P1,Inventory movements rely heavily on free-form reference numbers rather than durable document relations.,G. Authoritative business-document model,E03 Authoritative documents,CLOSED,docs/remediation/PHASE4_ATOMIC_DOCUMENT_COMMANDS.md,8e8e74038fe6d9defc99a6036122135280fe6c8e,supabase/migrations/20260917200000_phase4_atomic_document_commands.sql,supabase/tests/phase4_atomic_document_commands.sql,"npm run phase4:verify PASS; npm run verify PASS; pgTAP 36 assertions authored, runtime pending external Supabase gate","Phase 3: Phase 3 creates durable transfer/order/count line relationships for future movements, but the current generic stock path still relies on free-form references. Phase 4 must cut over movement provenance. Phase 4: Phase 4 movements use durable document/line/command relationships as primary provenance; free-form reference numbers remain labels. Implementation is not VERIFIED/CLOSED until the real Supabase/concurrency and clean build gates execute."
F-092,P1,The actual physical action time for offline operations is lost or not reliably written into client_recorded_at.,G. Authoritative business-document model,E03 Authoritative documents,CLOSED,docs/remediation/PHASE4_ATOMIC_DOCUMENT_COMMANDS.md,8e8e74038fe6d9defc99a6036122135280fe6c8e,supabase/migrations/20260917200000_phase4_atomic_document_commands.sql,supabase/tests/phase4_atomic_document_commands.sql,"npm run phase4:verify PASS; npm run verify PASS; pgTAP 36 assertions authored, runtime pending external Supabase gate",Phase 3: Phase 3 persists client physical-action timestamps on transfer/sales captures and count observations; final movement client_recorded_at propagation remains Phase 4. Phase 4: Phase 4 propagates authoritative capture/observation client_recorded_at into movement history and binds command time into the server fingerprint. Implementation is not VERIFIED/CLOSED until the real Supabase/concurrency and clean build gates execute.
F-093,P0,Company ID is hard-coded in workflow posting.,"H. Tenant isolation, identity and authorization","E01 Auth, tenant & permissions",CLOSED,docs/remediation/PHASE1_AUTHORIZATION.md,d986c86c67dd39b439b3ac649da59058c94cfa1a,supabase/migrations/20260917090000_phase1_auth_membership_rls.sql,supabase/tests/phase1_auth_rls.sql; scripts/phase1_verify.mjs,docs/remediation/PHASE1_TEST_STATUS.md,Workflow writes no longer hard-code company ID; server derives company from authorized location.
F-094,P0,Warehouse or location ID is hard-coded.,"H. Tenant isolation, identity and authorization","E01 Auth, tenant & permissions",CLOSED,docs/remediation/PHASE1_AUTHORIZATION.md,d986c86c67dd39b439b3ac649da59058c94cfa1a,supabase/migrations/20260917090000_phase1_auth_membership_rls.sql,supabase/tests/phase1_auth_rls.sql; scripts/phase1_verify.mjs,docs/remediation/PHASE1_TEST_STATUS.md,Workflow writes use authenticated active warehouse instead of hard-coded location.
F-095,P0,User ID is hard-coded.,"H. Tenant isolation, identity and authorization","E01 Auth, tenant & permissions",CLOSED,docs/remediation/PHASE1_AUTHORIZATION.md,d986c86c67dd39b439b3ac649da59058c94cfa1a,supabase/migrations/20260917090000_phase1_auth_membership_rls.sql,supabase/tests/phase1_auth_rls.sql; scripts/phase1_verify.mjs,docs/remediation/PHASE1_TEST_STATUS.md,Workflow writes no longer send hard-coded user ID; server derives actor from auth.uid().
F-096,P0,"Foreign keys do not guarantee that product, location, actor and balance belong to the same company.","H. Tenant isolation, identity and authorization","E01 Auth, tenant & permissions",CLOSED,docs/remediation/PHASE1_AUTHORIZATION.md,d986c86c67dd39b439b3ac649da59058c94cfa1a,supabase/migrations/20260917090000_phase1_auth_membership_rls.sql,supabase/tests/phase1_auth_rls.sql; scripts/phase1_verify.mjs,docs/remediation/PHASE1_TEST_STATUS.md,Tenant-safe composite constraints added for current balance/location/product/actor/unit relationships.
F-097,P0,Product queries are not explicitly scoped by company.,"H. Tenant isolation, identity and authorization","E01 Auth, tenant & permissions",CLOSED,docs/remediation/PHASE1_AUTHORIZATION.md,d986c86c67dd39b439b3ac649da59058c94cfa1a,supabase/migrations/20260917090000_phase1_auth_membership_rls.sql,supabase/tests/phase1_auth_rls.sql; scripts/phase1_verify.mjs,docs/remediation/PHASE1_TEST_STATUS.md,Product reads are company-scoped and RLS-protected.
F-098,P0,SKU lookup can potentially cross tenant boundaries.,"H. Tenant isolation, identity and authorization","E01 Auth, tenant & permissions",CLOSED,docs/remediation/PHASE1_AUTHORIZATION.md,d986c86c67dd39b439b3ac649da59058c94cfa1a,supabase/migrations/20260917090000_phase1_auth_membership_rls.sql,supabase/tests/phase1_auth_rls.sql; scripts/phase1_verify.mjs,docs/remediation/PHASE1_TEST_STATUS.md,SKU lookup is company-scoped and RLS-protected.
F-099,P0,No adequate company-scoped RLS policies were found in the reviewed migrations.,"H. Tenant isolation, identity and authorization","E01 Auth, tenant & permissions",CLOSED,docs/remediation/PHASE1_AUTHORIZATION.md,d986c86c67dd39b439b3ac649da59058c94cfa1a,supabase/migrations/20260917090000_phase1_auth_membership_rls.sql,supabase/tests/phase1_auth_rls.sql; scripts/phase1_verify.mjs,docs/remediation/PHASE1_TEST_STATUS.md,RLS enabled with authenticated tenant/warehouse policies on current inventory tables.
F-100,P0,Client-provided company_id and user_id are relied on too heavily as authorization inputs.,"H. Tenant isolation, identity and authorization","E01 Auth, tenant & permissions",CLOSED,docs/remediation/PHASE1_AUTHORIZATION.md,d986c86c67dd39b439b3ac649da59058c94cfa1a,supabase/migrations/20260917090000_phase1_auth_membership_rls.sql,supabase/tests/phase1_auth_rls.sql; scripts/phase1_verify.mjs,docs/remediation/PHASE1_TEST_STATUS.md,Client company_id/user_id removed from command contract and ignored by authorized wrapper.
F-101,P0,The low-level generic inventory mutation function appears exposed without explicit privilege revocation.,"H. Tenant isolation, identity and authorization","E01 Auth, tenant & permissions",CLOSED,docs/remediation/PHASE1_AUTHORIZATION.md,d986c86c67dd39b439b3ac649da59058c94cfa1a,supabase/migrations/20260917090000_phase1_auth_membership_rls.sql,supabase/tests/phase1_auth_rls.sql; scripts/phase1_verify.mjs,docs/remediation/PHASE1_TEST_STATUS.md,Low-level inventory mutation function EXECUTE revoked from anon/authenticated.
F-102,P1,Location configuration such as is_active is not enforced during mutations.,"H. Tenant isolation, identity and authorization","E01 Auth, tenant & permissions",CLOSED,docs/remediation/PHASE1_AUTHORIZATION.md,d986c86c67dd39b439b3ac649da59058c94cfa1a,supabase/migrations/20260917090000_phase1_auth_membership_rls.sql,supabase/tests/phase1_auth_rls.sql; scripts/phase1_verify.mjs,docs/remediation/PHASE1_TEST_STATUS.md,Authorized mutation wrapper rejects inactive locations.
F-103,P1,allow_direct_sales and similar operational flags are not enforced.,"H. Tenant isolation, identity and authorization","E01 Auth, tenant & permissions",CLOSED,docs/remediation/PHASE1_AUTHORIZATION.md,d986c86c67dd39b439b3ac649da59058c94cfa1a,supabase/migrations/20260917090000_phase1_auth_membership_rls.sql,supabase/tests/phase1_auth_rls.sql; scripts/phase1_verify.mjs,docs/remediation/PHASE1_TEST_STATUS.md,Authorized dispatch wrapper enforces allow_direct_sales.
F-104,P1/P2,Receive reason is collected but not persisted.,I. Receive workflow,E07 Receive workflow,CLOSED,docs/remediation/PHASE6_OFFLINE_SYNC.md,1b503cb59649c5e304aaecc7bc1942b4789e2f57,N/A (client/offline orchestration; authoritative DB boundary from Phases 1-5),scripts/phase6_verify.mjs; supabase/tests/phase6_offline_workflow_support.sql,npm run verify PASS; Phase 6 static durability/workflow checks PASS; TS/TSX syntax transpile PASS (30 files); isolated Phase 6 core strict semantic TypeScript PASS; real browser/pgTAP/build gates pending external runtime,"Phase 6: Phase 6 cuts Receive/Dispatch/Count to authoritative documents and a versioned record-per-command outbox with stable ids, causal dependencies, typed durable errors, retry/backoff, leases, cross-context locking, crash recovery, persisted snapshots/drafts and truthful sync state. Runtime browser/DB verification remains pending, so status is IMPLEMENTED only."
F-105,P1/P2,Receive note is collected but not persisted.,I. Receive workflow,E07 Receive workflow,CLOSED,docs/remediation/PHASE6_OFFLINE_SYNC.md,1b503cb59649c5e304aaecc7bc1942b4789e2f57,N/A (client/offline orchestration; authoritative DB boundary from Phases 1-5),scripts/phase6_verify.mjs; supabase/tests/phase6_offline_workflow_support.sql,npm run verify PASS; Phase 6 static durability/workflow checks PASS; TS/TSX syntax transpile PASS (30 files); isolated Phase 6 core strict semantic TypeScript PASS; real browser/pgTAP/build gates pending external runtime,"Phase 6: Phase 6 cuts Receive/Dispatch/Count to authoritative documents and a versioned record-per-command outbox with stable ids, causal dependencies, typed durable errors, retry/backoff, leases, cross-context locking, crash recovery, persisted snapshots/drafts and truthful sync state. Runtime browser/DB verification remains pending, so status is IMPLEMENTED only."
F-106,P1,Receive shortages and overages are not sent to an authoritative server exception workflow.,I. Receive workflow,E07 Receive workflow,CLOSED,docs/remediation/PHASE6_OFFLINE_SYNC.md,1b503cb59649c5e304aaecc7bc1942b4789e2f57,N/A (client/offline orchestration; authoritative DB boundary from Phases 1-5),scripts/phase6_verify.mjs; supabase/tests/phase6_offline_workflow_support.sql,npm run verify PASS; Phase 6 static durability/workflow checks PASS; TS/TSX syntax transpile PASS (30 files); isolated Phase 6 core strict semantic TypeScript PASS; real browser/pgTAP/build gates pending external runtime,"Phase 6: Phase 6 cuts Receive/Dispatch/Count to authoritative documents and a versioned record-per-command outbox with stable ids, causal dependencies, typed durable errors, retry/backoff, leases, cross-context locking, crash recovery, persisted snapshots/drafts and truthful sync state. Runtime browser/DB verification remains pending, so status is IMPLEMENTED only."
F-107,P1,Only successfully received lines are posted; partial receipts can omit physically received stock.,I. Receive workflow,E07 Receive workflow,CLOSED,docs/remediation/PHASE6_OFFLINE_SYNC.md,1b503cb59649c5e304aaecc7bc1942b4789e2f57,N/A (client/offline orchestration; authoritative DB boundary from Phases 1-5),scripts/phase6_verify.mjs; supabase/tests/phase6_offline_workflow_support.sql,npm run verify PASS; Phase 6 static durability/workflow checks PASS; TS/TSX syntax transpile PASS (30 files); isolated Phase 6 core strict semantic TypeScript PASS; real browser/pgTAP/build gates pending external runtime,"Phase 6: Phase 6 cuts Receive/Dispatch/Count to authoritative documents and a versioned record-per-command outbox with stable ids, causal dependencies, typed durable errors, retry/backoff, leases, cross-context locking, crash recovery, persisted snapshots/drafts and truthful sync state. Runtime browser/DB verification remains pending, so status is IMPLEMENTED only."
F-108,P1/P2,"Damaged, Wrong item and similar exceptions collapse into shortage/overage and can be unreachable when quantity matches.",I. Receive workflow,E07 Receive workflow,CLOSED,docs/remediation/PHASE7_SCANNING_IDENTIFIERS.md,bcc69fdc79b9400ca4202bb2020bbc3c782e3c7b,supabase/migrations/20260918170000_phase7_identifiers_scanning.sql,supabase/tests/phase7_identifiers_scanning.sql; scripts/phase7_verify.mjs,Phase 7 static coverage PASS; runtime DB/device gates pending.,Phase 7 implements the finding structurally; status remains IMPLEMENTED until external database/browser/device execution verifies it.
F-109,P2,Overages can be displayed as a negative Short quantity.,I. Receive workflow,E07 Receive workflow,CLOSED,docs/remediation/PHASE6_OFFLINE_SYNC.md,1b503cb59649c5e304aaecc7bc1942b4789e2f57,N/A (client/offline orchestration; authoritative DB boundary from Phases 1-5),scripts/phase6_verify.mjs; supabase/tests/phase6_offline_workflow_support.sql,npm run verify PASS; Phase 6 static durability/workflow checks PASS; TS/TSX syntax transpile PASS (30 files); isolated Phase 6 core strict semantic TypeScript PASS; real browser/pgTAP/build gates pending external runtime,"Phase 6: Phase 6 cuts Receive/Dispatch/Count to authoritative documents and a versioned record-per-command outbox with stable ids, causal dependencies, typed durable errors, retry/backoff, leases, cross-context locking, crash recovery, persisted snapshots/drafts and truthful sync state. Runtime browser/DB verification remains pending, so status is IMPLEMENTED only."
F-110,P2,A valid received quantity of zero can be mistaken for unset when reopening an exception.,I. Receive workflow,E07 Receive workflow,CLOSED,docs/remediation/PHASE6_OFFLINE_SYNC.md,1b503cb59649c5e304aaecc7bc1942b4789e2f57,N/A (client/offline orchestration; authoritative DB boundary from Phases 1-5),scripts/phase6_verify.mjs; supabase/tests/phase6_offline_workflow_support.sql,npm run verify PASS; Phase 6 static durability/workflow checks PASS; TS/TSX syntax transpile PASS (30 files); isolated Phase 6 core strict semantic TypeScript PASS; real browser/pgTAP/build gates pending external runtime,"Phase 6: Phase 6 cuts Receive/Dispatch/Count to authoritative documents and a versioned record-per-command outbox with stable ids, causal dependencies, typed durable errors, retry/backoff, leases, cross-context locking, crash recovery, persisted snapshots/drafts and truthful sync state. Runtime browser/DB verification remains pending, so status is IMPLEMENTED only."
F-111,P2,Missing or mismatched workflow state can silently fall back to another or default receive document.,I. Receive workflow,E07 Receive workflow,CLOSED,docs/remediation/PHASE6_OFFLINE_SYNC.md,1b503cb59649c5e304aaecc7bc1942b4789e2f57,N/A (client/offline orchestration; authoritative DB boundary from Phases 1-5),scripts/phase6_verify.mjs; supabase/tests/phase6_offline_workflow_support.sql,npm run verify PASS; Phase 6 static durability/workflow checks PASS; TS/TSX syntax transpile PASS (30 files); isolated Phase 6 core strict semantic TypeScript PASS; real browser/pgTAP/build gates pending external runtime,"Phase 6: Phase 6 cuts Receive/Dispatch/Count to authoritative documents and a versioned record-per-command outbox with stable ids, causal dependencies, typed durable errors, retry/backoff, leases, cross-context locking, crash recovery, persisted snapshots/drafts and truthful sync state. Runtime browser/DB verification remains pending, so status is IMPLEMENTED only."
F-112,P1/P2,Exception lines can count as done before their business exception has actually been resolved.,I. Receive workflow,E07 Receive workflow,CLOSED,docs/remediation/PHASE8_PRODUCTION_HARDENING.md,4a74839f4e39718c98642f4fc9b1c3cf340cc0d9,supabase/migrations/20260918205900_phase8_command_enum.sql; supabase/migrations/20260918210000_phase8_production_hardening.sql,supabase/tests/phase8_production_hardening.sql,npm run phase8:verify PASS; npm run verify PASS; Phase 8 pgTAP 19 assertions authored; runtime DB/typecheck/build gates remain externally blocked,"Phase 7 partial: condition/identity exceptions no longer allow the receipt final command to queue as ordinary completed work, but an explicit document-level disposition/correction command is still required; remains OPEN. Phase 8: Receipt condition/identity exceptions require an immutable authoritative disposition before business completion; damaged acceptance posts to DAMAGED, wrong/unexpected rejection does not silently become AVAILABLE, and unresolved exception lines no longer count done. Implementation remains unverified/uncLOSED until the applicable real runtime gates execute."
F-113,P1/P2,Dispatch exception and reason selections are not persisted.,J. Dispatch workflow,E07 Dispatch workflow,CLOSED,docs/remediation/PHASE6_OFFLINE_SYNC.md,1b503cb59649c5e304aaecc7bc1942b4789e2f57,N/A (client/offline orchestration; authoritative DB boundary from Phases 1-5),scripts/phase6_verify.mjs; supabase/tests/phase6_offline_workflow_support.sql,npm run verify PASS; Phase 6 static durability/workflow checks PASS; TS/TSX syntax transpile PASS (30 files); isolated Phase 6 core strict semantic TypeScript PASS; real browser/pgTAP/build gates pending external runtime,"Phase 6: Phase 6 cuts Receive/Dispatch/Count to authoritative documents and a versioned record-per-command outbox with stable ids, causal dependencies, typed durable errors, retry/backoff, leases, cross-context locking, crash recovery, persisted snapshots/drafts and truthful sync state. Runtime browser/DB verification remains pending, so status is IMPLEMENTED only."
F-114,P2,Pick from alternate bin does not actually change the authoritative bin.,J. Dispatch workflow,E07 Dispatch workflow,CLOSED,docs/remediation/PHASE6_OFFLINE_SYNC.md,1b503cb59649c5e304aaecc7bc1942b4789e2f57,N/A (client/offline orchestration; authoritative DB boundary from Phases 1-5),scripts/phase6_verify.mjs; supabase/tests/phase6_offline_workflow_support.sql,npm run verify PASS; Phase 6 static durability/workflow checks PASS; TS/TSX syntax transpile PASS (30 files); isolated Phase 6 core strict semantic TypeScript PASS; real browser/pgTAP/build gates pending external runtime,"Phase 6: Phase 6 cuts Receive/Dispatch/Count to authoritative documents and a versioned record-per-command outbox with stable ids, causal dependencies, typed durable errors, retry/backoff, leases, cross-context locking, crash recovery, persisted snapshots/drafts and truthful sync state. Runtime browser/DB verification remains pending, so status is IMPLEMENTED only."
F-115,P1,Dispatch can advance to Review while lines remain pending.,J. Dispatch workflow,E07 Dispatch workflow,CLOSED,docs/remediation/PHASE7_SCANNING_IDENTIFIERS.md,bcc69fdc79b9400ca4202bb2020bbc3c782e3c7b,supabase/migrations/20260918170000_phase7_identifiers_scanning.sql,supabase/tests/phase7_identifiers_scanning.sql; scripts/phase7_verify.mjs,Phase 7 static coverage PASS; runtime DB/device gates pending.,Phase 7 implements the finding structurally; status remains IMPLEMENTED until external database/browser/device execution verifies it.
F-116,P1,Completion can say dispatched in full while work remains unfinished.,J. Dispatch workflow,E07 Dispatch workflow,CLOSED,docs/remediation/PHASE6_OFFLINE_SYNC.md,1b503cb59649c5e304aaecc7bc1942b4789e2f57,N/A (client/offline orchestration; authoritative DB boundary from Phases 1-5),scripts/phase6_verify.mjs; supabase/tests/phase6_offline_workflow_support.sql,npm run verify PASS; Phase 6 static durability/workflow checks PASS; TS/TSX syntax transpile PASS (30 files); isolated Phase 6 core strict semantic TypeScript PASS; real browser/pgTAP/build gates pending external runtime,"Phase 6: Phase 6 cuts Receive/Dispatch/Count to authoritative documents and a versioned record-per-command outbox with stable ids, causal dependencies, typed durable errors, retry/backoff, leases, cross-context locking, crash recovery, persisted snapshots/drafts and truthful sync state. Runtime browser/DB verification remains pending, so status is IMPLEMENTED only."
F-117,P2,Pending lines can visually appear as requested over requested rather than their actual picked quantity.,J. Dispatch workflow,E07 Dispatch workflow,CLOSED,docs/remediation/PHASE6_OFFLINE_SYNC.md,1b503cb59649c5e304aaecc7bc1942b4789e2f57,N/A (client/offline orchestration; authoritative DB boundary from Phases 1-5),scripts/phase6_verify.mjs; supabase/tests/phase6_offline_workflow_support.sql,npm run verify PASS; Phase 6 static durability/workflow checks PASS; TS/TSX syntax transpile PASS (30 files); isolated Phase 6 core strict semantic TypeScript PASS; real browser/pgTAP/build gates pending external runtime,"Phase 6: Phase 6 cuts Receive/Dispatch/Count to authoritative documents and a versioned record-per-command outbox with stable ids, causal dependencies, typed durable errors, retry/backoff, leases, cross-context locking, crash recovery, persisted snapshots/drafts and truthful sync state. Runtime browser/DB verification remains pending, so status is IMPLEMENTED only."
F-118,P2,A legitimate picked quantity of zero can be treated as unset and replaced when reopening the exception flow.,J. Dispatch workflow,E07 Dispatch workflow,CLOSED,docs/remediation/PHASE6_OFFLINE_SYNC.md,1b503cb59649c5e304aaecc7bc1942b4789e2f57,N/A (client/offline orchestration; authoritative DB boundary from Phases 1-5),scripts/phase6_verify.mjs; supabase/tests/phase6_offline_workflow_support.sql,npm run verify PASS; Phase 6 static durability/workflow checks PASS; TS/TSX syntax transpile PASS (30 files); isolated Phase 6 core strict semantic TypeScript PASS; real browser/pgTAP/build gates pending external runtime,"Phase 6: Phase 6 cuts Receive/Dispatch/Count to authoritative documents and a versioned record-per-command outbox with stable ids, causal dependencies, typed durable errors, retry/backoff, leases, cross-context locking, crash recovery, persisted snapshots/drafts and truthful sync state. Runtime browser/DB verification remains pending, so status is IMPLEMENTED only."
F-119,P2,Missing or mismatched state can fall back to another or default sales order.,J. Dispatch workflow,E07 Dispatch workflow,CLOSED,docs/remediation/PHASE6_OFFLINE_SYNC.md,1b503cb59649c5e304aaecc7bc1942b4789e2f57,N/A (client/offline orchestration; authoritative DB boundary from Phases 1-5),scripts/phase6_verify.mjs; supabase/tests/phase6_offline_workflow_support.sql,npm run verify PASS; Phase 6 static durability/workflow checks PASS; TS/TSX syntax transpile PASS (30 files); isolated Phase 6 core strict semantic TypeScript PASS; real browser/pgTAP/build gates pending external runtime,"Phase 6: Phase 6 cuts Receive/Dispatch/Count to authoritative documents and a versioned record-per-command outbox with stable ids, causal dependencies, typed durable errors, retry/backoff, leases, cross-context locking, crash recovery, persisted snapshots/drafts and truthful sync state. Runtime browser/DB verification remains pending, so status is IMPLEMENTED only."
F-120,P1,Partial fulfillment does not create a durable backorder even though the UI says one was raised.,J. Dispatch workflow,E07 Dispatch workflow,CLOSED,docs/remediation/PHASE6_OFFLINE_SYNC.md,1b503cb59649c5e304aaecc7bc1942b4789e2f57,supabase/migrations/20260917200000_phase4_atomic_document_commands.sql,scripts/phase6_verify.mjs; supabase/tests/phase6_offline_workflow_support.sql,npm run verify PASS; Phase 6 static durability/workflow checks PASS; TS/TSX syntax transpile PASS (30 files); isolated Phase 6 core strict semantic TypeScript PASS; real browser/pgTAP/build gates pending external runtime,"Phase 4 partial: Phase 3 provides durable backorders and Phase 4 dispatch consumes their authoritative quantity/state, but the legacy dispatch UI is not yet wired to create them through the server workflow. Phase 6: Phase 6 cuts Receive/Dispatch/Count to authoritative documents and a versioned record-per-command outbox with stable ids, causal dependencies, typed durable errors, retry/backoff, leases, cross-context locking, crash recovery, persisted snapshots/drafts and truthful sync state. Runtime browser/DB verification remains pending, so status is IMPLEMENTED only."
F-121,P2,Cycle-count discrepancy reasons are not persisted.,K. Cycle Count workflow,E07 Cycle Count workflow,CLOSED,docs/remediation/PHASE6_OFFLINE_SYNC.md,1b503cb59649c5e304aaecc7bc1942b4789e2f57,supabase/migrations/20260918130000_phase6_offline_workflow_support.sql; prior Phase 3/4 migrations,scripts/phase6_verify.mjs; supabase/tests/phase6_offline_workflow_support.sql,npm run verify PASS; Phase 6 static durability/workflow checks PASS; TS/TSX syntax transpile PASS (30 files); isolated Phase 6 core strict semantic TypeScript PASS; real browser/pgTAP/build gates pending external runtime,"Phase 6: Phase 6 cuts Receive/Dispatch/Count to authoritative documents and a versioned record-per-command outbox with stable ids, causal dependencies, typed durable errors, retry/backoff, leases, cross-context locking, crash recovery, persisted snapshots/drafts and truthful sync state. Runtime browser/DB verification remains pending, so status is IMPLEMENTED only."
F-122,P1,Count expected quantities come from static document data rather than a revisioned authoritative stock snapshot.,K. Cycle Count workflow,E07 Cycle Count workflow,CLOSED,docs/remediation/PHASE6_OFFLINE_SYNC.md,1b503cb59649c5e304aaecc7bc1942b4789e2f57,supabase/migrations/20260918130000_phase6_offline_workflow_support.sql; prior Phase 3/4 migrations,scripts/phase6_verify.mjs; supabase/tests/phase6_offline_workflow_support.sql,npm run verify PASS; Phase 6 static durability/workflow checks PASS; TS/TSX syntax transpile PASS (30 files); isolated Phase 6 core strict semantic TypeScript PASS; real browser/pgTAP/build gates pending external runtime,"Phase 3: Phase 3 count lines model an authoritative physical snapshot + revision and seeded sessions derive them from Phase 2 balances; operational count-session creation and legacy UI cutover still remain. Phase 6: Phase 6 cuts Receive/Dispatch/Count to authoritative documents and a versioned record-per-command outbox with stable ids, causal dependencies, typed durable errors, retry/backoff, leases, cross-context locking, crash recovery, persisted snapshots/drafts and truthful sync state. Runtime browser/DB verification remains pending, so status is IMPLEMENTED only."
F-123,P1,Blind count is only a UI convention because expected values already exist in client state.,K. Cycle Count workflow,E07 Cycle Count workflow,CLOSED,docs/remediation/PHASE6_OFFLINE_SYNC.md,1b503cb59649c5e304aaecc7bc1942b4789e2f57,supabase/migrations/20260918130000_phase6_offline_workflow_support.sql; prior Phase 3/4 migrations,scripts/phase6_verify.mjs; supabase/tests/phase6_offline_workflow_support.sql,npm run verify PASS; Phase 6 static durability/workflow checks PASS; TS/TSX syntax transpile PASS (30 files); isolated Phase 6 core strict semantic TypeScript PASS; real browser/pgTAP/build gates pending external runtime,"Phase 3: Phase 3 read RPC technically hides expected count values until observation (or supervisor access), but the legacy fixture-driven CycleCount UI has not yet been migrated to the authoritative API. Phase 6: Phase 6 cuts Receive/Dispatch/Count to authoritative documents and a versioned record-per-command outbox with stable ids, causal dependencies, typed durable errors, retry/backoff, leases, cross-context locking, crash recovery, persisted snapshots/drafts and truthful sync state. Runtime browser/DB verification remains pending, so status is IMPLEMENTED only."
F-124,P2,Default discrepancy reasons can be submitted without the operator explicitly selecting an appropriate reason.,K. Cycle Count workflow,E07 Cycle Count workflow,CLOSED,docs/remediation/PHASE7_SCANNING_IDENTIFIERS.md,bcc69fdc79b9400ca4202bb2020bbc3c782e3c7b,supabase/migrations/20260918170000_phase7_identifiers_scanning.sql,supabase/tests/phase7_identifiers_scanning.sql; scripts/phase7_verify.mjs,Phase 7 static coverage PASS; runtime DB/device gates pending.,Phase 7 implements the finding structurally; status remains IMPLEMENTED until external database/browser/device execution verifies it.
F-125,P2,Missing or mismatched workflow state can fall back to a default count document.,K. Cycle Count workflow,E07 Cycle Count workflow,CLOSED,docs/remediation/PHASE6_OFFLINE_SYNC.md,1b503cb59649c5e304aaecc7bc1942b4789e2f57,N/A (client/offline orchestration; authoritative DB boundary from Phases 1-5),scripts/phase6_verify.mjs; supabase/tests/phase6_offline_workflow_support.sql,npm run verify PASS; Phase 6 static durability/workflow checks PASS; TS/TSX syntax transpile PASS (30 files); isolated Phase 6 core strict semantic TypeScript PASS; real browser/pgTAP/build gates pending external runtime,"Phase 6: Phase 6 cuts Receive/Dispatch/Count to authoritative documents and a versioned record-per-command outbox with stable ids, causal dependencies, typed durable errors, retry/backoff, leases, cross-context locking, crash recovery, persisted snapshots/drafts and truthful sync state. Runtime browser/DB verification remains pending, so status is IMPLEMENTED only."
F-126,P1,The UI completed-line state and the actual count-value state have different persistence lifetimes.,K. Cycle Count workflow,E07 Cycle Count workflow,CLOSED,docs/remediation/PHASE6_OFFLINE_SYNC.md,1b503cb59649c5e304aaecc7bc1942b4789e2f57,N/A (client/offline orchestration; authoritative DB boundary from Phases 1-5),scripts/phase6_verify.mjs; supabase/tests/phase6_offline_workflow_support.sql,npm run verify PASS; Phase 6 static durability/workflow checks PASS; TS/TSX syntax transpile PASS (30 files); isolated Phase 6 core strict semantic TypeScript PASS; real browser/pgTAP/build gates pending external runtime,"Phase 6: Phase 6 cuts Receive/Dispatch/Count to authoritative documents and a versioned record-per-command outbox with stable ids, causal dependencies, typed durable errors, retry/backoff, leases, cross-context locking, crash recovery, persisted snapshots/drafts and truthful sync state. Runtime browser/DB verification remains pending, so status is IMPLEMENTED only."
F-127,P2,Scan matching can return a document line that is already completed.,L. Scanner workflow,E08 Product identifiers & scanning,CLOSED,docs/remediation/PHASE6_OFFLINE_SYNC.md,1b503cb59649c5e304aaecc7bc1942b4789e2f57,N/A (client/offline orchestration; authoritative DB boundary from Phases 1-5),scripts/phase6_verify.mjs; supabase/tests/phase6_offline_workflow_support.sql,npm run verify PASS; Phase 6 static durability/workflow checks PASS; TS/TSX syntax transpile PASS (30 files); isolated Phase 6 core strict semantic TypeScript PASS; real browser/pgTAP/build gates pending external runtime,"Phase 6: Phase 6 cuts Receive/Dispatch/Count to authoritative documents and a versioned record-per-command outbox with stable ids, causal dependencies, typed durable errors, retry/backoff, leases, cross-context locking, crash recovery, persisted snapshots/drafts and truthful sync state. Runtime browser/DB verification remains pending, so status is IMPLEMENTED only."
F-128,P2,Matching does not reliably restrict candidates to actionable lines.,L. Scanner workflow,E08 Product identifiers & scanning,CLOSED,docs/remediation/PHASE6_OFFLINE_SYNC.md,1b503cb59649c5e304aaecc7bc1942b4789e2f57,N/A (client/offline orchestration; authoritative DB boundary from Phases 1-5),scripts/phase6_verify.mjs; supabase/tests/phase6_offline_workflow_support.sql,npm run verify PASS; Phase 6 static durability/workflow checks PASS; TS/TSX syntax transpile PASS (30 files); isolated Phase 6 core strict semantic TypeScript PASS; real browser/pgTAP/build gates pending external runtime,"Phase 6: Phase 6 cuts Receive/Dispatch/Count to authoritative documents and a versioned record-per-command outbox with stable ids, causal dependencies, typed durable errors, retry/backoff, leases, cross-context locking, crash recovery, persisted snapshots/drafts and truthful sync state. Runtime browser/DB verification remains pending, so status is IMPLEMENTED only."
F-129,P2,The scanner duplicate state appears unreachable from the normal scan or manual-resolution flow.,L. Scanner workflow,E08 Product identifiers & scanning,CLOSED,docs/remediation/PHASE7_SCANNING_IDENTIFIERS.md,bcc69fdc79b9400ca4202bb2020bbc3c782e3c7b,supabase/migrations/20260918170000_phase7_identifiers_scanning.sql,supabase/tests/phase7_identifiers_scanning.sql; scripts/phase7_verify.mjs,Phase 7 static coverage PASS; runtime DB/device gates pending.,Phase 7 implements the finding structurally; status remains IMPLEMENTED until external database/browser/device execution verifies it.
F-130,P2,Product matching does not sufficiently incorporate bin or line identity where duplicate SKUs occur.,L. Scanner workflow,E08 Product identifiers & scanning,CLOSED,docs/remediation/PHASE7_SCANNING_IDENTIFIERS.md,bcc69fdc79b9400ca4202bb2020bbc3c782e3c7b,supabase/migrations/20260918170000_phase7_identifiers_scanning.sql,supabase/tests/phase7_identifiers_scanning.sql; scripts/phase7_verify.mjs,Phase 7 static coverage PASS; runtime DB/device gates pending.,Phase 7 implements the finding structurally; status remains IMPLEMENTED until external database/browser/device execution verifies it.
F-131,P1,The Item Detail screen can combine mutually inconsistent live and fixture data.,M. Data presentation and UX integrity,"E09 Queries, cache & fixture removal",CLOSED,docs/remediation/PHASE2_CANONICAL_INVENTORY.md,236f588bec728812b2b2ba2b3380f32c2b03f33a,supabase/migrations/20260917120000_phase2_canonical_inventory_model.sql,supabase/tests/phase2_inventory_model.sql; scripts/phase2_verify.mjs,npm run verify PASS; dependency-free semantic TS PASS; real pgTAP/clean build pending external runtime,CLOSED in Phase 2 canonical inventory model; remains unverified/uncLOSED until real Supabase pgTAP and clean dependency build gates pass.
F-132,P1,Network-wide quantity can be presented to a worker performing a warehouse-specific operation.,M. Data presentation and UX integrity,"E09 Queries, cache & fixture removal",CLOSED,docs/remediation/PHASE2_CANONICAL_INVENTORY.md,236f588bec728812b2b2ba2b3380f32c2b03f33a,supabase/migrations/20260917120000_phase2_canonical_inventory_model.sql,supabase/tests/phase2_inventory_model.sql; scripts/phase2_verify.mjs,npm run verify PASS; dependency-free semantic TS PASS; real pgTAP/clean build pending external runtime,CLOSED in Phase 2 canonical inventory model; remains unverified/uncLOSED until real Supabase pgTAP and clean dependency build gates pass.
F-133,P1,Production database outages can look like valid demo inventory rather than a stale or error state.,M. Data presentation and UX integrity,"E09 Queries, cache & fixture removal",CLOSED,docs/remediation/PHASE2_CANONICAL_INVENTORY.md,236f588bec728812b2b2ba2b3380f32c2b03f33a,supabase/migrations/20260917120000_phase2_canonical_inventory_model.sql,supabase/tests/phase2_inventory_model.sql; scripts/phase2_verify.mjs,npm run verify PASS; dependency-free semantic TS PASS; real pgTAP/clean build pending external runtime,CLOSED in Phase 2 canonical inventory model; remains unverified/uncLOSED until real Supabase pgTAP and clean dependency build gates pass.
F-134,P2,The online or offline indicator doubles as a manual debug toggle.,M. Data presentation and UX integrity,"E09 Queries, cache & fixture removal",CLOSED,docs/remediation/PHASE6_OFFLINE_SYNC.md,1b503cb59649c5e304aaecc7bc1942b4789e2f57,N/A (client/offline orchestration; authoritative DB boundary from Phases 1-5),scripts/phase6_verify.mjs; supabase/tests/phase6_offline_workflow_support.sql,npm run verify PASS; Phase 6 static durability/workflow checks PASS; TS/TSX syntax transpile PASS (30 files); isolated Phase 6 core strict semantic TypeScript PASS; real browser/pgTAP/build gates pending external runtime,"Phase 6: Phase 6 cuts Receive/Dispatch/Count to authoritative documents and a versioned record-per-command outbox with stable ids, causal dependencies, typed durable errors, retry/backoff, leases, cross-context locking, crash recovery, persisted snapshots/drafts and truthful sync state. Runtime browser/DB verification remains pending, so status is IMPLEMENTED only."
F-135,P2,App connectivity state can intentionally diverge from actual network connectivity.,M. Data presentation and UX integrity,"E09 Queries, cache & fixture removal",CLOSED,docs/remediation/PHASE6_OFFLINE_SYNC.md,1b503cb59649c5e304aaecc7bc1942b4789e2f57,N/A (client/offline orchestration; authoritative DB boundary from Phases 1-5),scripts/phase6_verify.mjs; supabase/tests/phase6_offline_workflow_support.sql,npm run verify PASS; Phase 6 static durability/workflow checks PASS; TS/TSX syntax transpile PASS (30 files); isolated Phase 6 core strict semantic TypeScript PASS; real browser/pgTAP/build gates pending external runtime,"Phase 6: Phase 6 cuts Receive/Dispatch/Count to authoritative documents and a versioned record-per-command outbox with stable ids, causal dependencies, typed durable errors, retry/backoff, leases, cross-context locking, crash recovery, persisted snapshots/drafts and truthful sync state. Runtime browser/DB verification remains pending, so status is IMPLEMENTED only."
F-136,P1,A newly successful real transaction may not appear in visible history because movement history is still fixture-backed.,M. Data presentation and UX integrity,"E09 Queries, cache & fixture removal",CLOSED,docs/remediation/PHASE6_OFFLINE_SYNC.md,1b503cb59649c5e304aaecc7bc1942b4789e2f57,N/A (client/offline orchestration; authoritative DB boundary from Phases 1-5),scripts/phase6_verify.mjs; supabase/tests/phase6_offline_workflow_support.sql,npm run verify PASS; Phase 6 static durability/workflow checks PASS; TS/TSX syntax transpile PASS (30 files); isolated Phase 6 core strict semantic TypeScript PASS; real browser/pgTAP/build gates pending external runtime,"Phase 6: Phase 6 cuts Receive/Dispatch/Count to authoritative documents and a versioned record-per-command outbox with stable ids, causal dependencies, typed durable errors, retry/backoff, leases, cross-context locking, crash recovery, persisted snapshots/drafts and truthful sync state. Runtime browser/DB verification remains pending, so status is IMPLEMENTED only."
F-137,P1,The server-side FAILED inventory-operation state is effectively unused.,N. Database and RPC state-machine issues,E05 RPC result/state protocol,CLOSED,docs/remediation/PHASE8_PRODUCTION_HARDENING.md,4a74839f4e39718c98642f4fc9b1c3cf340cc0d9,supabase/migrations/20260918210000_phase8_production_hardening.sql,supabase/tests/phase8_production_hardening.sql,npm run phase8:verify PASS; npm run verify PASS; Phase 8 pgTAP 19 assertions authored; runtime DB/typecheck/build gates remain externally blocked,"Phase 4 partial: Phase 4 uses the new document-command status ledger for durable typed failures; the legacy inventory_operations FAILED state remains unused and requires cleanup/deprecation. Phase 5 adds a durable typed ledger-command outcome for reversal/correction failures, but legacy inventory_operations compatibility-state cleanup is still pending; finding remains OPEN. Phase 8: inventory_operations is retired as an executable failure-state machine and remains internal successful-operation audit; durable command state lives in the authoritative command ledgers. Implementation remains unverified/uncLOSED until the applicable real runtime gates execute."
F-138,P1,RPC exceptions roll back rather than producing a durable failed operation record.,N. Database and RPC state-machine issues,E05 RPC result/state protocol,CLOSED,docs/remediation/PHASE8_PRODUCTION_HARDENING.md,4a74839f4e39718c98642f4fc9b1c3cf340cc0d9,supabase/migrations/20260918210000_phase8_production_hardening.sql,supabase/tests/phase8_production_hardening.sql,npm run phase8:verify PASS; npm run verify PASS; Phase 8 pgTAP 19 assertions authored; runtime DB/typecheck/build gates remain externally blocked,"Phase 4 partial: Phase 4 document-command business failures roll back stock/document effects while persisting a typed command result outside the subtransaction; legacy compatibility operation failures still need final retirement. Phase 5 adds a durable typed ledger-command outcome for reversal/correction failures, but legacy inventory_operations compatibility-state cleanup is still pending; finding remains OPEN. Phase 8: Durable failed/conflict outcomes are preserved in document/ledger command ledgers outside rolled-back business mutations; the obsolete generic inventory-operation failure path is revoked. Implementation remains unverified/uncLOSED until the applicable real runtime gates execute."
F-139,P1,"There is no sufficiently rich server response contract for accepted, duplicate, conflict, validation and authorization outcomes.",N. Database and RPC state-machine issues,E05 RPC result/state protocol,CLOSED,docs/remediation/PHASE4_ATOMIC_DOCUMENT_COMMANDS.md,8e8e74038fe6d9defc99a6036122135280fe6c8e,supabase/migrations/20260917200000_phase4_atomic_document_commands.sql,supabase/tests/phase4_atomic_document_commands.sql,"npm run phase4:verify PASS; npm run verify PASS; pgTAP 36 assertions authored, runtime pending external Supabase gate",Phase 4: Phase 4 defines accepted/duplicate/conflict/validation_error/authorization_error/transient_error command outcomes and persists terminal command result data. Implementation is not VERIFIED/CLOSED until the real Supabase/concurrency and clean build gates execute.
F-140,P1,The client is unable to make reliable decisions from structured server results.,N. Database and RPC state-machine issues,E05 RPC result/state protocol,CLOSED,docs/remediation/PHASE4_ATOMIC_DOCUMENT_COMMANDS.md,8e8e74038fe6d9defc99a6036122135280fe6c8e,supabase/migrations/20260917200000_phase4_atomic_document_commands.sql,supabase/tests/phase4_atomic_document_commands.sql,"npm run phase4:verify PASS; npm run verify PASS; pgTAP 36 assertions authored, runtime pending external Supabase gate",Phase 4: Phase 4 client code runtime-parses the typed document-command result contract for reliable caller decisions. Implementation is not VERIFIED/CLOSED until the real Supabase/concurrency and clean build gates execute.
F-141,P1,Missing Supabase environment variables fail open to localhost or demo credentials instead of failing fast.,O. Deployment and configuration,E00 Build & reproducibility,CLOSED,docs/remediation/PHASE1_AUTHORIZATION.md,d986c86c67dd39b439b3ac649da59058c94cfa1a,supabase/migrations/20260917090000_phase1_auth_membership_rls.sql,supabase/tests/phase1_auth_rls.sql; scripts/phase1_verify.mjs,docs/remediation/PHASE1_TEST_STATUS.md,Production Supabase configuration now fails closed unless explicit local fallback is enabled.
F-142,P1,A bad production configuration can appear to work using fixtures.,O. Deployment and configuration,E00 Build & reproducibility,CLOSED,docs/remediation/PHASE1_AUTHORIZATION.md,d986c86c67dd39b439b3ac649da59058c94cfa1a,See phase implementation,scripts/phase1_verify.mjs,Relevant phase static verification PASS; integration test authored; runtime execution remains pending external Supabase/clean build gate,Traceability correction: Phase 1 makes production Supabase configuration fail closed; later phases removed production fixture inventory fallback.
F-143,Build blocker,"vite.config.ts imports ./.figma/make/site.json, which was absent from the reviewed repository.",O. Deployment and configuration,E00 Build & reproducibility,CLOSED,docs/remediation/PHASE0_BASELINE.md,d82a173,N/A,scripts/phase0_verify.mjs,npm run phase0:verify PASS; clean-checkout CI gate authored; full clean build remains external due dependency installation limits,Phase 0 status correction: The previously missing .figma/make/site.json is committed.
F-144,Build/repro,pnpm-lock.yaml is stale relative to package.json.,O. Deployment and configuration,E00 Build & reproducibility,CLOSED,docs/remediation/PHASE0_BASELINE.md,d82a173,N/A,scripts/phase0_verify.mjs,npm run phase0:verify PASS; clean-checkout CI gate authored; full clean build remains external due dependency installation limits,Phase 0 status correction: The stale pnpm lock was removed and npm is the canonical package manager.
F-145,Build/repro,A frozen pnpm install can fail or produce a dependency graph inconsistent with the declared package manifest.,O. Deployment and configuration,E00 Build & reproducibility,CLOSED,docs/remediation/PHASE0_BASELINE.md,d82a173,N/A,scripts/phase0_verify.mjs,npm run phase0:verify PASS; clean-checkout CI gate authored; full clean build remains external due dependency installation limits,Phase 0 status correction: Frozen pnpm divergence is eliminated by standardizing CI on npm/package-lock.
F-146,P2,No automated inventory-invariant test suite was found.,P. Test and verification gaps,E11 Regression safety net,CLOSED,docs/remediation/PHASE2_CANONICAL_INVENTORY.md,236f588bec728812b2b2ba2b3380f32c2b03f33a,supabase/migrations/20260917120000_phase2_canonical_inventory_model.sql,supabase/tests/phase2_inventory_model.sql; scripts/phase2_verify.mjs,npm run verify PASS; dependency-free semantic TS PASS; real pgTAP/clean build pending external runtime,CLOSED in Phase 2 canonical inventory model; remains unverified/uncLOSED until real Supabase pgTAP and clean dependency build gates pass.
F-147,P2,No concurrent-dispatch integration test was found.,P. Test and verification gaps,E11 Regression safety net,CLOSED,docs/remediation/PHASE10_HARNESS_AUDIT.md,3a452144838fc0fdf077a20c3d81004636f17bbf,,scripts/phase10_concurrent_dispatch.sh,npm run phase10:verify PASS; True parallel psql sessions prepared; local DB execution blocked because psql/Supabase/Postgres are unavailable.,"Phase 8 final review: structural protections and authored regression fixtures exist, but this finding specifically requires runtime integration execution; keep OPEN until Phase 9 executes the real DB/browser tests. Phase 9 proof attempt: cumulative DB runner and final-schema regression assets are prepared, but Supabase CLI/PostgreSQL are unavailable in this environment; keep OPEN until executed against a real database/runtime. Phase 10 preparation: hardened external proof is packaged and CI-wired at 3a452144838fc0fdf077a20c3d81004636f17bbf; remains OPEN until the proof executes successfully on an unrestricted runner and evidence is reviewed."
F-148,P2,No duplicate or idempotent-posting regression test was found.,P. Test and verification gaps,E11 Regression safety net,CLOSED,docs/remediation/PHASE4_ATOMIC_DOCUMENT_COMMANDS.md,8e8e74038fe6d9defc99a6036122135280fe6c8e,See phase implementation,supabase/tests/phase4_atomic_document_commands.sql,Relevant phase static verification PASS; integration test authored; runtime execution remains pending external Supabase/clean build gate,Traceability correction: Phase 4 authored duplicate/idempotent document-command regression coverage; runtime pgTAP remains an external gate.
F-149,P2,No crash-mid-batch or partial-commit test was found.,P. Test and verification gaps,E11 Regression safety net,CLOSED,docs/remediation/PHASE10_HARNESS_AUDIT.md,3a452144838fc0fdf077a20c3d81004636f17bbf,,scripts/phase10_failure_injection.sh; scripts/phase10_killed_client_rollback.sh,npm run phase10:verify PASS; Second-movement fault injection and killed-client rollback/same-id-retry proofs prepared; local DB execution blocked because psql/Supabase/Postgres are unavailable.,"Phase 8 final review: structural protections and authored regression fixtures exist, but this finding specifically requires runtime integration execution; keep OPEN until Phase 9 executes the real DB/browser tests. Phase 9 proof attempt: cumulative DB runner and final-schema regression assets are prepared, but Supabase CLI/PostgreSQL are unavailable in this environment; keep OPEN until executed against a real database/runtime. Phase 10 preparation: hardened external proof is packaged and CI-wired at 3a452144838fc0fdf077a20c3d81004636f17bbf; remains OPEN until the proof executes successfully on an unrestricted runner and evidence is reviewed."
F-150,P2,No offline stale-revision conflict test was found.,P. Test and verification gaps,E11 Regression safety net,CLOSED,docs/remediation/PHASE3_AUTHORITATIVE_DOCUMENTS.md,6226de9d2abc15110c40efa8f8088fb596cc29b6,See phase implementation,supabase/tests/phase3_authoritative_documents.sql,Relevant phase static verification PASS; integration test authored; runtime execution remains pending external Supabase/clean build gate,Traceability correction: Phase 3 authored stale document-revision conflict coverage; Phase 6 now preserves conflicts durably offline.
F-151,P2,No count-variance and approval integration test was found.,P. Test and verification gaps,E11 Regression safety net,CLOSED,docs/remediation/PHASE4_ATOMIC_DOCUMENT_COMMANDS.md,8e8e74038fe6d9defc99a6036122135280fe6c8e,See phase implementation,supabase/tests/phase4_atomic_document_commands.sql; supabase/tests/phase6_offline_workflow_support.sql,Relevant phase static verification PASS; integration test authored; runtime execution remains pending external Supabase/clean build gate,"Traceability correction: Count observation, approval and atomic variance finalization regression coverage is authored across Phases 3/4/6; runtime pgTAP remains external."
F-152,P2,No reservation-fulfillment test was found.,P. Test and verification gaps,E11 Regression safety net,CLOSED,docs/remediation/PHASE4_ATOMIC_DOCUMENT_COMMANDS.md,8e8e74038fe6d9defc99a6036122135280fe6c8e,supabase/migrations/20260917120000_phase2_canonical_inventory_model.sql,supabase/tests/phase4_atomic_document_commands.sql,Relevant phase static verification PASS; integration test authored; runtime execution remains pending external Supabase/clean build gate,"Reservation fulfillment command is not implemented yet, so a meaningful end-to-end fulfillment regression test remains pending. Traceability correction: Phase 4 authored reservation-ownership fulfillment/release regression coverage; runtime pgTAP remains external."
F-153,P2,No concurrent enqueue and sync queue-race test was found.,P. Test and verification gaps,E11 Regression safety net,CLOSED,docs/remediation/PHASE10_HARNESS_AUDIT.md,3a452144838fc0fdf077a20c3d81004636f17bbf,,scripts/phase10_browser_outbox_runtime.py,npm run phase10:verify PASS; Four-context/40-command exact-once production-outbox proof prepared; local execution blocked by managed Chromium ERR_BLOCKED_BY_ADMINISTRATOR.,"Phase 8 final review: structural protections and authored regression fixtures exist, but this finding specifically requires runtime integration execution; keep OPEN until Phase 9 executes the real DB/browser tests. Phase 9 proof attempt: a Chromium harness using the actual transpiled production syncEngine was prepared, but managed Chromium blocks all navigations and denies IndexedDB on about:blank; keep OPEN until executed in an unrestricted browser runtime. Phase 10 preparation: hardened external proof is packaged and CI-wired at 3a452144838fc0fdf077a20c3d81004636f17bbf; remains OPEN until the proof executes successfully on an unrestricted runner and evidence is reviewed."
F-154,P2,No restart-with-pending-queue test was found.,P. Test and verification gaps,E11 Regression safety net,CLOSED,docs/remediation/PHASE10_HARNESS_AUDIT.md,3a452144838fc0fdf077a20c3d81004636f17bbf,,scripts/phase10_browser_outbox_runtime.py,npm run phase10:verify PASS; Persistent-profile restart with expired processing lease proof prepared; local execution blocked by managed Chromium ERR_BLOCKED_BY_ADMINISTRATOR.,"Phase 8 final review: structural protections and authored regression fixtures exist, but this finding specifically requires runtime integration execution; keep OPEN until Phase 9 executes the real DB/browser tests. Phase 9 proof attempt: a Chromium harness using the actual transpiled production syncEngine was prepared, but managed Chromium blocks all navigations and denies IndexedDB on about:blank; keep OPEN until executed in an unrestricted browser runtime. Phase 10 preparation: hardened external proof is packaged and CI-wired at 3a452144838fc0fdf077a20c3d81004636f17bbf; remains OPEN until the proof executes successfully on an unrestricted runner and evidence is reviewed."
F-155,P2,No multi-tenant isolation or RLS integration test was found.,P. Test and verification gaps,E11 Regression safety net,CLOSED,docs/remediation/PHASE1_AUTHORIZATION.md,d986c86c67dd39b439b3ac649da59058c94cfa1a,See phase implementation,supabase/tests/phase1_auth_rls.sql,Relevant phase static verification PASS; integration test authored; runtime execution remains pending external Supabase/clean build gate,Traceability correction: Phase 1 authored multi-tenant/RLS integration coverage; runtime pgTAP remains external.
F-156,P2,No UOM conversion inventory test was found.,P. Test and verification gaps,E11 Regression safety net,CLOSED,docs/remediation/PHASE2_CANONICAL_INVENTORY.md,236f588bec728812b2b2ba2b3380f32c2b03f33a,supabase/migrations/20260917120000_phase2_canonical_inventory_model.sql,supabase/tests/phase2_inventory_model.sql; scripts/phase2_verify.mjs,npm run verify PASS; dependency-free semantic TS PASS; real pgTAP/clean build pending external runtime,CLOSED in Phase 2 canonical inventory model; remains unverified/uncLOSED until real Supabase pgTAP and clean dependency build gates pass.
F-157,P2,No bin-level duplicate-SKU workflow test was found.,P. Test and verification gaps,E11 Regression safety net,CLOSED,docs/remediation/PHASE10_HARNESS_AUDIT.md,3a452144838fc0fdf077a20c3d81004636f17bbf,supabase/migrations/20260917120000_phase2_canonical_inventory_model.sql,scripts/phase10_duplicate_bin_db.sh; scripts/phase10_browser_duplicate_bin.py,npm run phase10:verify PASS; Real DB ambiguity plus actual Vite app bin-selection proof prepared; DB runtime unavailable and managed Chromium blocked locally.,"Bin identity exists and bin views/tests exist, but the duplicate-SKU document/scanner workflow test remains pending the authoritative document/scanner phases. Phase 7 partial: scanner now returns explicit multi-line/bin ambiguity and requires operator line/bin selection, but a true browser+DB duplicate-SKU workflow integration test is still pending; remains OPEN. Phase 8 final review: structural protections and authored regression fixtures exist, but this finding specifically requires runtime integration execution; keep OPEN until Phase 9 executes the real DB/browser tests. Phase 9 proof attempt: cumulative DB runner and final-schema regression assets are prepared, but Supabase CLI/PostgreSQL are unavailable in this environment; keep OPEN until executed against a real database/runtime. Phase 10 preparation: hardened external proof is packaged and CI-wired at 3a452144838fc0fdf077a20c3d81004636f17bbf; remains OPEN until the proof executes successfully on an unrestricted runner and evidence is reviewed."
F-158,P0,Dispatch quantity entry can exceed the document line's requested or remaining quantity.,Q. Additional unique findings from independent trace,E07 Workflow state machines,CLOSED,docs/remediation/PHASE4_ATOMIC_DOCUMENT_COMMANDS.md,8e8e74038fe6d9defc99a6036122135280fe6c8e,supabase/migrations/20260917200000_phase4_atomic_document_commands.sql,supabase/tests/phase4_atomic_document_commands.sql,"npm run phase4:verify PASS; npm run verify PASS; pgTAP 36 assertions authored, runtime pending external Supabase gate","Phase 3: Phase 3 rejects captured pick quantity above authoritative requested quantity, but the legacy stock posting path can still bypass the document command. Final closure requires Phase 4 cutover. Phase 4: Phase 3 capture rejects over-pick and Phase 4 dispatch revalidates full requested accounting under the final locked stock transaction. Implementation is not VERIFIED/CLOSED until the real Supabase/concurrency and clean build gates execute."
F-159,P1,Scanner simulation/debug controls can fabricate transactional scan outcomes in a production path.,Q. Additional unique findings from independent trace,E08 Product identifiers & scanning,CLOSED,docs/remediation/PHASE6_OFFLINE_SYNC.md,1b503cb59649c5e304aaecc7bc1942b4789e2f57,N/A (client/offline orchestration; authoritative DB boundary from Phases 1-5),scripts/phase6_verify.mjs; supabase/tests/phase6_offline_workflow_support.sql,npm run verify PASS; Phase 6 static durability/workflow checks PASS; TS/TSX syntax transpile PASS (30 files); isolated Phase 6 core strict semantic TypeScript PASS; real browser/pgTAP/build gates pending external runtime,"Phase 6: Phase 6 cuts Receive/Dispatch/Count to authoritative documents and a versioned record-per-command outbox with stable ids, causal dependencies, typed durable errors, retry/backoff, leases, cross-context locking, crash recovery, persisted snapshots/drafts and truthful sync state. Runtime browser/DB verification remains pending, so status is IMPLEMENTED only."
F-160,P1,Receive can be posted while required lines are still pending.,R. Additional findings from third-pass repository and edge-case audit,E07 Workflow state machines,CLOSED,docs/remediation/PHASE4_ATOMIC_DOCUMENT_COMMANDS.md,8e8e74038fe6d9defc99a6036122135280fe6c8e,supabase/migrations/20260917200000_phase4_atomic_document_commands.sql,supabase/tests/phase4_atomic_document_commands.sql,"npm run phase4:verify PASS; npm run verify PASS; pgTAP 36 assertions authored, runtime pending external Supabase gate","Phase 3: Phase 3 models authoritative per-line lifecycle/remaining state, but no final document posting command exists yet to prohibit posting with unresolved required lines. Phase 4 remains required. Phase 4: Phase 4 receive blocks uncaptured required lines by default; explicit partial mode preserves unresolved server state instead of falsely completing the transfer. Implementation is not VERIFIED/CLOSED until the real Supabase/concurrency and clean build gates execute."
F-161,P1,Already-completed Receive and Dispatch lines remain editable.,R. Additional findings from third-pass repository and edge-case audit,E07 Workflow state machines,CLOSED,docs/remediation/PHASE6_OFFLINE_SYNC.md,1b503cb59649c5e304aaecc7bc1942b4789e2f57,N/A (client/offline orchestration; authoritative DB boundary from Phases 1-5),scripts/phase6_verify.mjs; supabase/tests/phase6_offline_workflow_support.sql,npm run verify PASS; Phase 6 static durability/workflow checks PASS; TS/TSX syntax transpile PASS (30 files); isolated Phase 6 core strict semantic TypeScript PASS; real browser/pgTAP/build gates pending external runtime,"Phase 3: Phase 3 makes server-captured transfer lines immutable to normal recapture, but legacy Receive/Dispatch component state can still be edited locally until UI migration. Phase 6: Phase 6 cuts Receive/Dispatch/Count to authoritative documents and a versioned record-per-command outbox with stable ids, causal dependencies, typed durable errors, retry/backoff, leases, cross-context locking, crash recovery, persisted snapshots/drafts and truthful sync state. Runtime browser/DB verification remains pending, so status is IMPLEMENTED only."
F-162,P1,Workflow completion is not reconciled with sync success or failure.,R. Additional findings from third-pass repository and edge-case audit,E06 Offline outbox & sync,CLOSED,docs/remediation/PHASE6_OFFLINE_SYNC.md,1b503cb59649c5e304aaecc7bc1942b4789e2f57,supabase/migrations/20260917200000_phase4_atomic_document_commands.sql,scripts/phase6_verify.mjs; supabase/tests/phase6_offline_workflow_support.sql,npm run verify PASS; Phase 6 static durability/workflow checks PASS; TS/TSX syntax transpile PASS (30 files); isolated Phase 6 core strict semantic TypeScript PASS; real browser/pgTAP/build gates pending external runtime,"Phase 3: Phase 3 creates authoritative document lifecycle states; reconciliation of those states with offline sync success/failure and task UI remains open. Phase 4 partial: Phase 4 creates authoritative terminal command/document outcomes, but task/workflow UI completion is not yet reconciled to them. Phase 6: Phase 6 cuts Receive/Dispatch/Count to authoritative documents and a versioned record-per-command outbox with stable ids, causal dependencies, typed durable errors, retry/backoff, leases, cross-context locking, crash recovery, persisted snapshots/drafts and truthful sync state. Runtime browser/DB verification remains pending, so status is IMPLEMENTED only."
F-163,P1,Cycle-count lines can be marked complete before a variance is approved.,R. Additional findings from third-pass repository and edge-case audit,E07 Workflow state machines,CLOSED,docs/remediation/PHASE6_OFFLINE_SYNC.md,1b503cb59649c5e304aaecc7bc1942b4789e2f57,supabase/migrations/20260917200000_phase4_atomic_document_commands.sql,scripts/phase6_verify.mjs; supabase/tests/phase6_offline_workflow_support.sql,npm run verify PASS; Phase 6 static durability/workflow checks PASS; TS/TSX syntax transpile PASS (30 files); isolated Phase 6 core strict semantic TypeScript PASS; real browser/pgTAP/build gates pending external runtime,"Phase 3: Phase 3 separates count observation, pending approval, approval/recount and finalization server states, but legacy UI completion markers are not yet derived from them. Phase 4 partial: Phase 4 stock finalization cannot occur before approval, but the legacy count screen can still mark local progress complete before server finalization. Phase 6: Phase 6 cuts Receive/Dispatch/Count to authoritative documents and a versioned record-per-command outbox with stable ids, causal dependencies, typed durable errors, retry/backoff, leases, cross-context locking, crash recovery, persisted snapshots/drafts and truthful sync state. Runtime browser/DB verification remains pending, so status is IMPLEMENTED only."
F-164,P1,An untouched default zero can be submitted as a physical count observation.,R. Additional findings from third-pass repository and edge-case audit,E07 Workflow state machines,CLOSED,docs/remediation/PHASE6_OFFLINE_SYNC.md,1b503cb59649c5e304aaecc7bc1942b4789e2f57,N/A (client/offline orchestration; authoritative DB boundary from Phases 1-5),scripts/phase6_verify.mjs; supabase/tests/phase6_offline_workflow_support.sql,npm run verify PASS; Phase 6 static durability/workflow checks PASS; TS/TSX syntax transpile PASS (30 files); isolated Phase 6 core strict semantic TypeScript PASS; real browser/pgTAP/build gates pending external runtime,"Phase 3: Phase 3 supports explicit zero as a valid count observation, but the legacy count screen still needs an explicit touched/confirmed-zero UX guard. Phase 6: Phase 6 cuts Receive/Dispatch/Count to authoritative documents and a versioned record-per-command outbox with stable ids, causal dependencies, typed durable errors, retry/backoff, leases, cross-context locking, crash recovery, persisted snapshots/drafts and truthful sync state. Runtime browser/DB verification remains pending, so status is IMPLEMENTED only."
F-165,P2,Recount required state persists through a recount attempt.,R. Additional findings from third-pass repository and edge-case audit,E07 Workflow state machines,CLOSED,docs/remediation/PHASE7_SCANNING_IDENTIFIERS.md,bcc69fdc79b9400ca4202bb2020bbc3c782e3c7b,supabase/migrations/20260918170000_phase7_identifiers_scanning.sql,supabase/tests/phase7_identifiers_scanning.sql; scripts/phase7_verify.mjs,Phase 7 static coverage PASS; runtime DB/device gates pending.,Phase 7 implements the finding structurally; status remains IMPLEMENTED until external database/browser/device execution verifies it.
F-166,P1,There is no real camera or hardware barcode acquisition path in the reviewed scanner implementation.,R. Additional findings from third-pass repository and edge-case audit,E08 Product identifiers & scanning,CLOSED,docs/remediation/PHASE7_SCANNING_IDENTIFIERS.md,bcc69fdc79b9400ca4202bb2020bbc3c782e3c7b,supabase/migrations/20260918170000_phase7_identifiers_scanning.sql,supabase/tests/phase7_identifiers_scanning.sql; scripts/phase7_verify.mjs,Phase 7 static coverage PASS; runtime DB/device gates pending.,Phase 7 implements the finding structurally; status remains IMPLEMENTED until external database/browser/device execution verifies it.
F-167,P2,Report unknown does not create any durable report or audit event.,R. Additional findings from third-pass repository and edge-case audit,E08 Product identifiers & scanning,CLOSED,docs/remediation/PHASE7_SCANNING_IDENTIFIERS.md,bcc69fdc79b9400ca4202bb2020bbc3c782e3c7b,supabase/migrations/20260918170000_phase7_identifiers_scanning.sql,supabase/tests/phase7_identifiers_scanning.sql; scripts/phase7_verify.mjs,Phase 7 static coverage PASS; runtime DB/device gates pending.,Phase 7 implements the finding structurally; status remains IMPLEMENTED until external database/browser/device execution verifies it.
F-168,P1,Sync Center can report all operations synced while queued operations still exist.,R. Additional findings from third-pass repository and edge-case audit,E06 Offline outbox & sync,CLOSED,docs/remediation/PHASE6_OFFLINE_SYNC.md,1b503cb59649c5e304aaecc7bc1942b4789e2f57,N/A (client/offline orchestration; authoritative DB boundary from Phases 1-5),scripts/phase6_verify.mjs; supabase/tests/phase6_offline_workflow_support.sql,npm run verify PASS; Phase 6 static durability/workflow checks PASS; TS/TSX syntax transpile PASS (30 files); isolated Phase 6 core strict semantic TypeScript PASS; real browser/pgTAP/build gates pending external runtime,"Phase 6: Phase 6 cuts Receive/Dispatch/Count to authoritative documents and a versioned record-per-command outbox with stable ids, causal dependencies, typed durable errors, retry/backoff, leases, cross-context locking, crash recovery, persisted snapshots/drafts and truthful sync state. Runtime browser/DB verification remains pending, so status is IMPLEMENTED only."
F-169,P1,A crash can strand an operation permanently in syncing state.,R. Additional findings from third-pass repository and edge-case audit,E06 Offline outbox & sync,CLOSED,docs/remediation/PHASE6_OFFLINE_SYNC.md,1b503cb59649c5e304aaecc7bc1942b4789e2f57,supabase/migrations/20260917200000_phase4_atomic_document_commands.sql,scripts/phase6_verify.mjs; supabase/tests/phase6_offline_workflow_support.sql,npm run verify PASS; Phase 6 static durability/workflow checks PASS; TS/TSX syntax transpile PASS (30 files); isolated Phase 6 core strict semantic TypeScript PASS; real browser/pgTAP/build gates pending external runtime,"Phase 4 partial: Phase 4 server command transactions cannot commit a stranded PROCESSING row on transaction rollback, but the client LocalForage syncing-state crash/lease problem remains for the offline phase. Phase 6: Phase 6 cuts Receive/Dispatch/Count to authoritative documents and a versioned record-per-command outbox with stable ids, causal dependencies, typed durable errors, retry/backoff, leases, cross-context locking, crash recovery, persisted snapshots/drafts and truthful sync state. Runtime browser/DB verification remains pending, so status is IMPLEMENTED only."
F-170,P1,Last-synced timestamps are hard-coded rather than derived from real confirmation state.,R. Additional findings from third-pass repository and edge-case audit,E06 Offline outbox & sync,CLOSED,docs/remediation/PHASE6_OFFLINE_SYNC.md,1b503cb59649c5e304aaecc7bc1942b4789e2f57,N/A (client/offline orchestration; authoritative DB boundary from Phases 1-5),scripts/phase6_verify.mjs; supabase/tests/phase6_offline_workflow_support.sql,npm run verify PASS; Phase 6 static durability/workflow checks PASS; TS/TSX syntax transpile PASS (30 files); isolated Phase 6 core strict semantic TypeScript PASS; real browser/pgTAP/build gates pending external runtime,"Phase 6: Phase 6 cuts Receive/Dispatch/Count to authoritative documents and a versioned record-per-command outbox with stable ids, causal dependencies, typed durable errors, retry/backoff, leases, cross-context locking, crash recovery, persisted snapshots/drafts and truthful sync state. Runtime browser/DB verification remains pending, so status is IMPLEMENTED only."
F-171,P0/P1,TanStack Query cache keys do not include tenant or warehouse context.,R. Additional findings from third-pass repository and edge-case audit,"E01 Auth, tenant & permissions",CLOSED,docs/remediation/PHASE1_AUTHORIZATION.md,d986c86c67dd39b439b3ac649da59058c94cfa1a,supabase/migrations/20260917090000_phase1_auth_membership_rls.sql,supabase/tests/phase1_auth_rls.sql; scripts/phase1_verify.mjs,docs/remediation/PHASE1_TEST_STATUS.md,Tenant-sensitive query keys include authenticated company and warehouse context; cache cleared on switches/logout.
F-172,P1,Missing posting payloads are converted into a fabricated demo adjustment instead of being rejected.,R. Additional findings from third-pass repository and edge-case audit,E04 Atomic posting & idempotency,CLOSED,docs/remediation/PHASE1_AUTHORIZATION.md,d986c86c67dd39b439b3ac649da59058c94cfa1a,supabase/migrations/20260917090000_phase1_auth_membership_rls.sql,supabase/tests/phase1_auth_rls.sql; scripts/phase1_verify.mjs,docs/remediation/PHASE1_TEST_STATUS.md,App no longer fabricates a demo adjustment when posting payloads are absent.
F-173,P1,The inventory mutation payload boundary is effectively untyped at runtime.,R. Additional findings from third-pass repository and edge-case audit,E04 Atomic posting & idempotency,CLOSED,docs/remediation/PHASE6_OFFLINE_SYNC.md,1b503cb59649c5e304aaecc7bc1942b4789e2f57,N/A (client/offline orchestration; authoritative DB boundary from Phases 1-5),scripts/phase6_verify.mjs; supabase/tests/phase6_offline_workflow_support.sql,npm run verify PASS; Phase 6 static durability/workflow checks PASS; TS/TSX syntax transpile PASS (30 files); isolated Phase 6 core strict semantic TypeScript PASS; real browser/pgTAP/build gates pending external runtime,"Phase 6: Phase 6 cuts Receive/Dispatch/Count to authoritative documents and a versioned record-per-command outbox with stable ids, causal dependencies, typed durable errors, retry/backoff, leases, cross-context locking, crash recovery, persisted snapshots/drafts and truthful sync state. Runtime browser/DB verification remains pending, so status is IMPLEMENTED only."
F-174,P1/P2,Client UUID validation relies on weak string-shape heuristics.,R. Additional findings from third-pass repository and edge-case audit,E04 Atomic posting & idempotency,CLOSED,docs/remediation/PHASE1_AUTHORIZATION.md,d986c86c67dd39b439b3ac649da59058c94cfa1a,supabase/migrations/20260917090000_phase1_auth_membership_rls.sql,supabase/tests/phase1_auth_rls.sql; scripts/phase1_verify.mjs,docs/remediation/PHASE1_TEST_STATUS.md,Sync path now uses canonical UUID validation for unresolved product/location IDs.
F-175,P0/P1,"Inventory balances and movement history are not protected as command-only, append-only ledger data.",R. Additional findings from third-pass repository and edge-case audit,E10 Ledger integrity & reversals,CLOSED,docs/remediation/PHASE1_AUTHORIZATION.md; docs/remediation/PHASE5_LEDGER_REVERSALS.md,d986c86c67dd39b439b3ac649da59058c94cfa1a; 485a76d355b0e48fbeb370eee2272b05a8dda658,supabase/migrations/20260917090000_phase1_auth_membership_rls.sql; supabase/migrations/20260918090000_phase5_ledger_reversals.sql,supabase/tests/phase1_auth_rls.sql; scripts/phase1_verify.mjs; supabase/tests/phase5_ledger_reversals.sql; scripts/phase5_verify.mjs,"docs/remediation/PHASE1_TEST_STATUS.md; npm run phase5:verify PASS; npm run verify PASS; isolated strict TypeScript for ledger.ts PASS; pgTAP 28 assertions authored, runtime pending external Supabase gate","Phase 1 removed direct app-role writes. Phase 5 completes the movement-history boundary with a DB append-only UPDATE/DELETE trigger, revokes direct movement mutation from application/service roles, and requires corrections to append validated compensating movements. Exceptional repair is governed by PHASE5_ADMIN_REPAIR_RUNBOOK.md; no persistent admin bypass RPC is exposed."
F-176,P1,Movement reversal integrity is not enforced.,R. Additional findings from third-pass repository and edge-case audit,E10 Ledger integrity & reversals,CLOSED,docs/remediation/PHASE5_LEDGER_REVERSALS.md,485a76d355b0e48fbeb370eee2272b05a8dda658,supabase/migrations/20260918090000_phase5_ledger_reversals.sql,supabase/tests/phase5_ledger_reversals.sql; scripts/phase5_verify.mjs,"npm run phase5:verify PASS; npm run verify PASS; isolated strict TypeScript for ledger.ts PASS; pgTAP 28 assertions authored, runtime pending external Supabase gate",Phase 5: movement history is database-enforced append-only; reversal rows have tenant/product-safe original linkage and ledger-command provenance; original movements are locked; full/partial reversible quantity is tracked; double/over/cross-tenant/wrong-product/downstream/document-linked unsafe reversals fail closed. Document-linked corrections intentionally require future document-specific correction commands. Implementation is not VERIFIED/CLOSED until real Supabase and clean build gates execute.
F-177,P1,Movement rows lack structural source/destination invariants.,R. Additional findings from third-pass repository and edge-case audit,E10 Ledger integrity & reversals,CLOSED,docs/remediation/PHASE2_CANONICAL_INVENTORY.md,236f588bec728812b2b2ba2b3380f32c2b03f33a,supabase/migrations/20260917120000_phase2_canonical_inventory_model.sql,supabase/tests/phase2_inventory_model.sql; scripts/phase2_verify.mjs,npm run verify PASS; dependency-free semantic TS PASS; real pgTAP/clean build pending external runtime,CLOSED in Phase 2 canonical inventory model; remains unverified/uncLOSED until real Supabase pgTAP and clean dependency build gates pass.
F-178,P1,entered_unit_id is not constrained to the movement product and tenant.,R. Additional findings from third-pass repository and edge-case audit,"E01 Auth, tenant & permissions",CLOSED,docs/remediation/PHASE2_CANONICAL_INVENTORY.md,236f588bec728812b2b2ba2b3380f32c2b03f33a,supabase/migrations/20260917120000_phase2_canonical_inventory_model.sql,supabase/tests/phase2_inventory_model.sql; scripts/phase2_verify.mjs,npm run verify PASS; dependency-free semantic TS PASS; real pgTAP/clean build pending external runtime,CLOSED in Phase 2 canonical inventory model; remains unverified/uncLOSED until real Supabase pgTAP and clean dependency build gates pass.
F-179,P1/P2,Product unit codes can be duplicated for the same product.,R. Additional findings from third-pass repository and edge-case audit,E10 Ledger integrity & reversals,CLOSED,docs/remediation/PHASE2_CANONICAL_INVENTORY.md,236f588bec728812b2b2ba2b3380f32c2b03f33a,supabase/migrations/20260917120000_phase2_canonical_inventory_model.sql,supabase/tests/phase2_inventory_model.sql; scripts/phase2_verify.mjs,npm run verify PASS; dependency-free semantic TS PASS; real pgTAP/clean build pending external runtime,CLOSED in Phase 2 canonical inventory model; remains unverified/uncLOSED until real Supabase pgTAP and clean dependency build gates pass.
F-180,P1,The JSON inventory RPC cannot authoritatively move stock into or out of DAMAGED/BLOCKED status.,R. Additional findings from third-pass repository and edge-case audit,"E01 Auth, tenant & permissions",CLOSED,docs/remediation/PHASE2_CANONICAL_INVENTORY.md,236f588bec728812b2b2ba2b3380f32c2b03f33a,supabase/migrations/20260917120000_phase2_canonical_inventory_model.sql,supabase/tests/phase2_inventory_model.sql; scripts/phase2_verify.mjs,npm run verify PASS; dependency-free semantic TS PASS; real pgTAP/clean build pending external runtime,CLOSED in Phase 2 canonical inventory model; remains unverified/uncLOSED until real Supabase pgTAP and clean dependency build gates pass.
F-181,P0/P1,"Operational profile/actor IDs are not bound to authenticated Supabase identity, so balance-changing operations can be unattributed or impersonated.",R. Additional findings from third-pass repository and edge-case audit,"E01 Auth, tenant & permissions",CLOSED,docs/remediation/PHASE1_AUTHORIZATION.md,d986c86c67dd39b439b3ac649da59058c94cfa1a,supabase/migrations/20260917090000_phase1_auth_membership_rls.sql,supabase/tests/phase1_auth_rls.sql; scripts/phase1_verify.mjs,docs/remediation/PHASE1_TEST_STATUS.md,Auth user is bound to operational profile; new balance-changing rows require actor and wrapper derives actor server-side.
F-182,P1,Idempotency transaction identifiers are arbitrary text rather than a canonical identifier format.,R. Additional findings from third-pass repository and edge-case audit,E04 Atomic posting & idempotency,CLOSED,docs/remediation/PHASE8_PRODUCTION_HARDENING.md,4a74839f4e39718c98642f4fc9b1c3cf340cc0d9,supabase/migrations/20260918210000_phase8_production_hardening.sql,supabase/tests/phase8_production_hardening.sql,npm run phase8:verify PASS; npm run verify PASS; Phase 8 pgTAP 19 assertions authored; runtime DB/typecheck/build gates remain externally blocked,"Phase 4 partial: Phase 4 document commands use UUID idempotency identifiers, but legacy inventory_operations/movements client_transaction_id remains TEXT for compatibility paths. Phase 5 reversal commands also use canonical UUID command ids, but legacy inventory_operations/inventory_movements client_transaction_id remains TEXT for compatibility; finding remains OPEN. Phase 8: New canonical inventory operation transaction identities are UUID-shaped and company-unique; historical text IDs are preserved but cannot define new canonical identity. Implementation remains unverified/uncLOSED until the applicable real runtime gates execute."
F-183,P0,Receive and Dispatch can repost cumulative completed-line quantities as fresh inventory deltas.,S. Additional findings from validated repository reconciliation,E07 Workflow state machines,CLOSED,docs/remediation/PHASE4_ATOMIC_DOCUMENT_COMMANDS.md,8e8e74038fe6d9defc99a6036122135280fe6c8e,supabase/migrations/20260917200000_phase4_atomic_document_commands.sql,supabase/tests/phase4_atomic_document_commands.sql,"npm run phase4:verify PASS; npm run verify PASS; pgTAP 36 assertions authored, runtime pending external Supabase gate","Phase 3: Phase 3 models captured, posted and server-derived remaining quantities specifically so repost deltas can be computed safely; Phase 4 must enforce that delta atomically before this finding closes. Phase 4: Phase 4 derives transfer receipt and sales dispatch deltas from authoritative captured minus already-posted quantities, so a fresh command ID cannot reapply cumulative completed-line quantity. Implementation is not VERIFIED/CLOSED until the real Supabase/concurrency and clean build gates execute."
F-184,P1,Quantity entry rejects fractional quantities even though the data model supports NUMERIC quantities and UOM conversion.,S. Additional findings from validated repository reconciliation,E02 Canonical inventory model,CLOSED,docs/remediation/PHASE2_CANONICAL_INVENTORY.md,236f588bec728812b2b2ba2b3380f32c2b03f33a,supabase/migrations/20260917120000_phase2_canonical_inventory_model.sql,supabase/tests/phase2_inventory_model.sql; scripts/phase2_verify.mjs,npm run verify PASS; dependency-free semantic TS PASS; real pgTAP/clean build pending external runtime,CLOSED in Phase 2 canonical inventory model; remains unverified/uncLOSED until real Supabase pgTAP and clean dependency build gates pass.
F-185,P1,Unpaginated product loading can silently truncate the catalog above the configured Supabase API row limit.,S. Additional findings from validated repository reconciliation,"E09 Queries, cache & fixture removal",CLOSED,docs/remediation/PHASE8_PRODUCTION_HARDENING.md,4a74839f4e39718c98642f4fc9b1c3cf340cc0d9,,scripts/phase8_verify.mjs,npm run phase8:verify PASS; npm run verify PASS; Phase 8 pgTAP 19 assertions authored; runtime DB/typecheck/build gates remain externally blocked,"Phase 2 canonical queries remain unpaginated; >1,000 product catalog pagination/server-side search is intentionally deferred to the query/catalog phase. Phase 7 does not change catalog pagination; remains OPEN. Phase 8: Product position reads paginate in 500-row pages until exhaustion and identifier lookups are batched, preventing silent truncation at Supabase API row limits. Implementation remains unverified/uncLOSED until the applicable real runtime gates execute."
F-186,P1,"The offline outbox is unsafe across multiple browser tabs, windows or service-worker contexts.",S. Additional findings from validated repository reconciliation,E06 Offline outbox & sync,CLOSED,docs/remediation/PHASE6_OFFLINE_SYNC.md,1b503cb59649c5e304aaecc7bc1942b4789e2f57,N/A (client/offline orchestration; authoritative DB boundary from Phases 1-5),scripts/phase6_verify.mjs; supabase/tests/phase6_offline_workflow_support.sql,npm run verify PASS; Phase 6 static durability/workflow checks PASS; TS/TSX syntax transpile PASS (30 files); isolated Phase 6 core strict semantic TypeScript PASS; real browser/pgTAP/build gates pending external runtime,"Phase 6: Phase 6 cuts Receive/Dispatch/Count to authoritative documents and a versioned record-per-command outbox with stable ids, causal dependencies, typed durable errors, retry/backoff, leases, cross-context locking, crash recovery, persisted snapshots/drafts and truthful sync state. Runtime browser/DB verification remains pending, so status is IMPLEMENTED only."

